Stratum,Metabolite,Mean_0_1R,Mean_2R_plus,mean_diff,p_value,FDR,Analysis_Type,Test_Method,Median_0_1R,Median_2R_plus,median_diff,Median_No_2R,Median_Has_2R,n_no_2R,n_has_2R
Early (≤30 days),Mycophenolate..C18.,1142435.5212189478,1071935.1428571427,-70500.37836180511,0.7328265139493534,0.9593161360441659,Predefined,ttest,NA,NA,NA,NA,NA,NA,NA
Early (≤30 days),Mycophenolate..HILIC.,39533480.726883665,39709716.43214286,176235.70525919646,0.9839670557801984,0.9839670557801984,Predefined,ttest,NA,NA,NA,NA,NA,NA,NA
Early (≤30 days),X11.Dehydrocorticosterone..HILIC.,57055.743019751346,37449.45357142856,-19606.289448322786,0.08601429077473947,0.6021000354231764,Predefined,ttest,NA,NA,NA,NA,NA,NA,NA
Early (≤30 days),Prednisone..HILIC.,50113.84418451272,47464.47857142858,-2649.365613084141,0.6651478285970654,0.9593161360441659,Predefined,ttest,NA,NA,NA,NA,NA,NA,NA
Early (≤30 days),Cortisone..HILIC.,42360.639539422846,37049.810706114455,-5310.828833308391,0.5190441661932539,0.9593161360441659,Predefined,ttest,NA,NA,NA,NA,NA,NA,NA
Early (≤30 days),Tetrahydrocorticosterone..C18.,1119337.7419285977,1123580.5571428565,4242.8152142588515,0.9578891046125586,0.9839670557801984,Predefined,ttest,NA,NA,NA,NA,NA,NA,NA
Early (≤30 days),Tetrahydrocortisone..C18.,75129.01396065282,91275.70714285715,16146.693182204326,0.309909085175864,0.9593161360441659,Predefined,ttest,NA,NA,NA,NA,NA,NA,NA
Early (≤30 days),Prednisone..C18.,88956.18837143293,147034.42501170616,58078.23664027323,0.3690974418133065,0.9593161360441659,Predefined,ttest,NA,NA,NA,NA,NA,NA,NA
Early (≤30 days),Cortisone.acetate..HILIC.,57474.40232897635,48725.04285714285,-8749.3594718335,0.07517718286407617,0.6021000354231764,Predefined,ttest,NA,NA,NA,NA,NA,NA,NA
Early (≤30 days),Dexamethasone.acetate.anhydrous..C18.,54930.59302326166,58165.1357142857,3234.542691024042,0.7720156830202297,0.9593161360441659,Predefined,ttest,NA,NA,NA,NA,NA,NA,NA
Early (≤30 days),Fludrocortisone.acetate..HILIC.,28841.297674418605,29581.70714285715,740.4094684385454,0.8222709737521421,0.9593161360441659,Predefined,ttest,NA,NA,NA,NA,NA,NA,NA
Early (≤30 days),Fludrocortisone..C18.,63288.57675034501,54000.828571428574,-9287.748178916438,0.1937666217565052,0.904244234863691,Predefined,ttest,NA,NA,NA,NA,NA,NA,NA
Early (≤30 days),Hydrocortisone.sodium.succinate..HILIC.,37502.78023126111,42882.89285245563,5380.112621194523,0.6432706018840915,0.9593161360441659,Predefined,ttest,NA,NA,NA,NA,NA,NA,NA
Early (≤30 days),Mycophenolic.acid.O.acyl.glucuronide..C18.,1220528.0744225853,1158527.2857142852,-62000.7887083001,0.8139514423124309,0.9593161360441659,Predefined,ttest,NA,NA,NA,NA,NA,NA,NA
Early (≤30 days),Mycophenolate..C18.,NA,NA,NA,0.9926905422037515,0.9926905422037515,Predefined,wilcoxon_log2,19.97985512424635,19.867844548643077,-0.11201057560327143,NA,NA,NA,NA
Early (≤30 days),Mycophenolate..HILIC.,NA,NA,NA,0.4416533159205662,0.9569534382042477,Predefined,wilcoxon_log2,24.74266659858174,25.282061738978335,0.5393951403965964,NA,NA,NA,NA
Early (≤30 days),X11.Dehydrocorticosterone..HILIC.,NA,NA,NA,0.07820432020025803,0.5474302414018062,Predefined,wilcoxon_log2,15.613401031914343,15.118953762222432,-0.49444726969191066,NA,NA,NA,NA
Early (≤30 days),Prednisone..HILIC.,NA,NA,NA,0.87622654000719,0.9926905422037515,Predefined,wilcoxon_log2,15.485231866257735,15.328849761883323,-0.15638210437441202,NA,NA,NA,NA
Early (≤30 days),Cortisone..HILIC.,NA,NA,NA,0.7596748867910432,0.9926905422037515,Predefined,wilcoxon_log2,15.088022183223943,14.992811042403952,-0.09521114081999116,NA,NA,NA,NA
Early (≤30 days),Tetrahydrocorticosterone..C18.,NA,NA,NA,0.7207461473885646,0.9926905422037515,Predefined,wilcoxon_log2,20.033387645966393,20.091450937129782,0.05806329116338915,NA,NA,NA,NA
Early (≤30 days),Tetrahydrocortisone..C18.,NA,NA,NA,0.22036508697294196,0.6170222435242375,Predefined,wilcoxon_log2,16.14385751688184,16.388526235460247,0.24466871857840644,NA,NA,NA,NA
Early (≤30 days),Prednisone..C18.,NA,NA,NA,0.1849721467382568,0.6170222435242375,Predefined,wilcoxon_log2,15.82844398135159,16.498403105644066,0.6699591242924754,NA,NA,NA,NA
Early (≤30 days),Cortisone.acetate..HILIC.,NA,NA,NA,0.0764954035253483,0.5474302414018062,Predefined,wilcoxon_log2,15.77389387372162,15.54955026304734,-0.22434361067428021,NA,NA,NA,NA
Early (≤30 days),Dexamethasone.acetate.anhydrous..C18.,NA,NA,NA,0.9488673294752255,0.9926905422037515,Predefined,wilcoxon_log2,15.641470418241104,15.34702388351111,-0.29444653472999427,NA,NA,NA,NA
Early (≤30 days),Fludrocortisone.acetate..HILIC.,NA,NA,NA,0.5147174066630948,0.9569534382042477,Predefined,wilcoxon_log2,14.686303598563933,14.866020098749232,0.1797165001852985,NA,NA,NA,NA
Early (≤30 days),Fludrocortisone..C18.,NA,NA,NA,0.16336977244274903,0.6170222435242375,Predefined,wilcoxon_log2,15.846744047725874,15.617746341876721,-0.22899770584915302,NA,NA,NA,NA
Early (≤30 days),Hydrocortisone.sodium.succinate..HILIC.,NA,NA,NA,0.8474194347242824,0.9926905422037515,Predefined,wilcoxon_log2,15.035941775160996,14.821207496058861,-0.21473427910213516,NA,NA,NA,NA
Early (≤30 days),Mycophenolic.acid.O.acyl.glucuronide..C18.,NA,NA,NA,0.546830536116713,0.9569534382042477,Predefined,wilcoxon_log2,19.807972592379777,20.174767277988746,0.3667946856089692,NA,NA,NA,NA
Early (≤30 days),Mycophenolate..C18.,NA,NA,NA,0.9926905422037515,0.9926905422037515,Predefined,wilcoxon_nonlog2,1034036.099999999,958866.6999999996,-75169.39999999944,NA,NA,NA,NA
Early (≤30 days),Mycophenolate..HILIC.,NA,NA,NA,0.4416533159205662,0.9569534382042477,Predefined,wilcoxon_nonlog2,28072741.00000003,40802969.49999997,12730228.49999994,NA,NA,NA,NA
Early (≤30 days),X11.Dehydrocorticosterone..HILIC.,NA,NA,NA,0.07820432020025803,0.5474302414018062,Predefined,wilcoxon_nonlog2,50130.49999999995,35586.34999999998,-14544.149999999972,NA,NA,NA,NA
Early (≤30 days),Prednisone..HILIC.,NA,NA,NA,0.87622654000719,0.9926905422037515,Predefined,wilcoxon_nonlog2,45868.99999999999,41234.85000000002,-4634.149999999972,NA,NA,NA,NA
Early (≤30 days),Cortisone..HILIC.,NA,NA,NA,0.7596748867910432,0.9926905422037515,Predefined,wilcoxon_nonlog2,34829.499999999985,32605.15004071274,-2224.3499592872467,NA,NA,NA,NA
Early (≤30 days),Tetrahydrocorticosterone..C18.,NA,NA,NA,0.7207461473885646,0.9926905422037515,Predefined,wilcoxon_nonlog2,1073125.699999999,1117296.8499999996,44171.150000000605,NA,NA,NA,NA
Early (≤30 days),Tetrahydrocortisone..C18.,NA,NA,NA,0.22036508697294196,0.6170222435242375,Predefined,wilcoxon_nonlog2,72407.80000000003,85889.40000000008,13481.60000000005,NA,NA,NA,NA
Early (≤30 days),Prednisone..C18.,NA,NA,NA,0.1849721467382568,0.6170222435242375,Predefined,wilcoxon_nonlog2,58188.40000000003,92707.70000000004,34519.30000000001,NA,NA,NA,NA
Early (≤30 days),Cortisone.acetate..HILIC.,NA,NA,NA,0.0764954035253483,0.5474302414018062,Predefined,wilcoxon_nonlog2,56029.299999999974,47964.49999999996,-8064.80000000001,NA,NA,NA,NA
Early (≤30 days),Dexamethasone.acetate.anhydrous..C18.,NA,NA,NA,0.9488673294752255,0.9926905422037515,Predefined,wilcoxon_nonlog2,51115.40000000003,41872.499999999985,-9242.900000000045,NA,NA,NA,NA
Early (≤30 days),Fludrocortisone.acetate..HILIC.,NA,NA,NA,0.5147174066630948,0.9569534382042477,Predefined,wilcoxon_nonlog2,26364.399999999965,29861.950000000004,3497.5500000000393,NA,NA,NA,NA
Early (≤30 days),Fludrocortisone..C18.,NA,NA,NA,0.16336977244274903,0.6170222435242375,Predefined,wilcoxon_nonlog2,58931.20000000001,50297.95000000001,-8633.25,NA,NA,NA,NA
Early (≤30 days),Hydrocortisone.sodium.succinate..HILIC.,NA,NA,NA,0.8474194347242824,0.9926905422037515,Predefined,wilcoxon_nonlog2,33594.59999999998,28980.34999999999,-4614.249999999985,NA,NA,NA,NA
Early (≤30 days),Mycophenolic.acid.O.acyl.glucuronide..C18.,NA,NA,NA,0.546830536116713,0.9569534382042477,Predefined,wilcoxon_nonlog2,917896.9000000006,1183622.900000002,265726.0000000014,NA,NA,NA,NA
Early (≤30 days),Mycophenolate..C18.,NA,NA,NA,0.5028011204481793,0.8799019607843137,Predefined,patient_level,NA,NA,197881.19999999995,874576.2000000002,1072457.4000000001,5,13
Early (≤30 days),Mycophenolate..HILIC.,NA,NA,NA,0.14332399626517275,0.5016339869281047,Predefined,patient_level,NA,NA,16514389.000000097,19112766.999999993,35627156.00000009,5,13
Early (≤30 days),X11.Dehydrocorticosterone..HILIC.,NA,NA,NA,0.5028011204481793,0.8799019607843137,Predefined,patient_level,NA,NA,13580.249999999978,37202.15000000004,50782.400000000016,5,13
Early (≤30 days),Prednisone..HILIC.,NA,NA,NA,0.9999999999999998,1,Predefined,patient_level,NA,NA,1012.3999999999214,46430.000000000015,47442.399999999936,5,13
Early (≤30 days),Cortisone..HILIC.,NA,NA,NA,0.09453781512605043,0.4411764705882354,Predefined,patient_level,NA,NA,-11430.650000000023,46172.15000000003,34741.50000000001,5,13
Early (≤30 days),Tetrahydrocorticosterone..C18.,NA,NA,NA,1,1,Predefined,patient_level,NA,NA,70037.19999999763,1062268.200000001,1132305.3999999985,5,13
Early (≤30 days),Tetrahydrocortisone..C18.,NA,NA,NA,0.3359010270774977,0.783769063180828,Predefined,patient_level,NA,NA,-7116.500000000029,77097.19999999998,69980.69999999995,5,13
Early (≤30 days),Prednisone..C18.,NA,NA,NA,0.09453781512605043,0.4411764705882354,Predefined,patient_level,NA,NA,-20220.450000000143,84507.15000000005,64286.69999999991,5,13
Early (≤30 days),Cortisone.acetate..HILIC.,NA,NA,NA,0.7028478057889822,1,Predefined,patient_level,NA,NA,1563.699999999997,51619.249999999985,53182.94999999998,5,13
Early (≤30 days),Dexamethasone.acetate.anhydrous..C18.,NA,NA,NA,0.09453781512605043,0.4411764705882354,Predefined,patient_level,NA,NA,-20586.700000000055,63846.10000000006,43259.4,5,13
Early (≤30 days),Fludrocortisone.acetate..HILIC.,NA,NA,NA,0.24603174603174605,0.6888888888888889,Predefined,patient_level,NA,NA,6665.3499999999985,24641.45,31306.8,5,13
Early (≤30 days),Fludrocortisone..C18.,NA,NA,NA,0.8489729225023341,1,Predefined,patient_level,NA,NA,-602.1499999999869,57100.64999999998,56498.49999999999,5,13
Early (≤30 days),Hydrocortisone.sodium.succinate..HILIC.,NA,NA,NA,1,1,Predefined,patient_level,NA,NA,2722.549986180762,26265.650013819217,28988.19999999998,5,13
Early (≤30 days),Mycophenolic.acid.O.acyl.glucuronide..C18.,NA,NA,NA,0.92413632119514455,1,Predefined,patient_level,NA,NA,240318.04999999912,871357.050000001,1111675.1,5,13
Medium (31-90 days),Mycophenolate..C18.,1222830.0399999996,752411.0999999994,-470418.9400000002,0.20508545002367642,0.5409808987297734,Predefined,ttest,NA,NA,NA,NA,NA,NA,NA
Medium (31-90 days),Mycophenolate..HILIC.,37563135.65984369,17506855.88562905,-20056279.77421464,0.07758059148021246,0.5409808987297734,Predefined,ttest,NA,NA,NA,NA,NA,NA,NA
Medium (31-90 days),X11.Dehydrocorticosterone..HILIC.,48697.92249674584,39802.04999999999,-8895.872496745855,0.6369600141763458,0.9296057494345654,Predefined,ttest,NA,NA,NA,NA,NA,NA,NA
Medium (31-90 days),Prednisone..HILIC.,42040.26249999999,40453.774999999965,-1586.4875000000247,0.8422283582716553,0.9296057494345654,Predefined,ttest,NA,NA,NA,NA,NA,NA,NA
Medium (31-90 days),Cortisone..HILIC.,32811.9275,31223.837499999994,-1588.0900000000038,0.9296057494345654,0.9296057494345654,Predefined,ttest,NA,NA,NA,NA,NA,NA,NA
Medium (31-90 days),Tetrahydrocorticosterone..C18.,1060244.245047659,1104336.2749999997,44092.02995234076,0.8514542087400373,0.9296057494345654,Predefined,ttest,NA,NA,NA,NA,NA,NA,NA
Medium (31-90 days),Tetrahydrocortisone..C18.,87456.495,68231.04999999999,-19225.445000000007,0.38167033021554986,0.7633406604310997,Predefined,ttest,NA,NA,NA,NA,NA,NA,NA
Medium (31-90 days),Prednisone..C18.,78336.08123644748,34675.93750000002,-43660.14373644746,0.024826972466695685,0.3475776145337396,Predefined,ttest,NA,NA,NA,NA,NA,NA,NA
Medium (31-90 days),Cortisone.acetate..HILIC.,58150.014998696424,45243.450000000004,-12906.56499869642,0.1680446564792167,0.5409808987297734,Predefined,ttest,NA,NA,NA,NA,NA,NA,NA
Medium (31-90 days),Dexamethasone.acetate.anhydrous..C18.,52133.38250000001,45332.77500000001,-6800.607499999998,0.5369764676614677,0.9296057494345654,Predefined,ttest,NA,NA,NA,NA,NA,NA,NA
Medium (31-90 days),Fludrocortisone.acetate..HILIC.,29771.81999728086,26478.75000000001,-3293.0699972808507,0.23184895659847432,0.5409808987297734,Predefined,ttest,NA,NA,NA,NA,NA,NA,NA
Medium (31-90 days),Fludrocortisone..C18.,58989.14749999999,60131.075000000004,1141.9275000000125,0.9060290531683736,0.9296057494345654,Predefined,ttest,NA,NA,NA,NA,NA,NA,NA
Medium (31-90 days),Hydrocortisone.sodium.succinate..HILIC.,34028.617499288186,36971.72500000002,2943.1075007118343,0.749244026930961,0.9296057494345654,Predefined,ttest,NA,NA,NA,NA,NA,NA,NA
Medium (31-90 days),Mycophenolic.acid.O.acyl.glucuronide..C18.,1334235.884823226,734375.8506994647,-599860.0341237612,0.15679012092432895,0.5409808987297734,Predefined,ttest,NA,NA,NA,NA,NA,NA,NA
Medium (31-90 days),Mycophenolate..C18.,NA,NA,NA,0.29779206277732967,0.9444329669790502,Predefined,wilcoxon_log2,20.12000708052294,19.66142017155196,-0.45858690897097887,NA,NA,NA,NA
Medium (31-90 days),Mycophenolate..HILIC.,NA,NA,NA,0.24455710167243752,0.9444329669790502,Predefined,wilcoxon_log2,24.595493743157167,23.786291354375514,-0.8092023887816531,NA,NA,NA,NA
Medium (31-90 days),X11.Dehydrocorticosterone..HILIC.,NA,NA,NA,0.42596681278775245,0.9842726757077296,Predefined,wilcoxon_log2,15.33661220813238,14.80204170490476,-0.53457050322762,NA,NA,NA,NA
Medium (31-90 days),Prednisone..HILIC.,NA,NA,NA,0.7678322811618331,0.9842726757077296,Predefined,wilcoxon_log2,15.15304402123709,15.308241418741815,0.1551973975047254,NA,NA,NA,NA
Medium (31-90 days),Cortisone..HILIC.,NA,NA,NA,0.9511358645945761,0.9842726757077296,Predefined,wilcoxon_log2,14.685451891031132,14.19397863800621,-0.49147325302492284,NA,NA,NA,NA
Medium (31-90 days),Tetrahydrocorticosterone..C18.,NA,NA,NA,0.9842726757077296,0.9842726757077296,Predefined,wilcoxon_log2,20.010806327084055,19.99542704796876,-0.015379279115293798,NA,NA,NA,NA
Medium (31-90 days),Tetrahydrocortisone..C18.,NA,NA,NA,0.8223336666113945,0.9842726757077296,Predefined,wilcoxon_log2,16.006668311506232,15.772143732106048,-0.23452457940018334,NA,NA,NA,NA
Medium (31-90 days),Prednisone..C18.,NA,NA,NA,0.2883175152707268,0.9444329669790502,Predefined,wilcoxon_log2,15.68410649012313,15.364071036031838,-0.3200354540912915,NA,NA,NA,NA
Medium (31-90 days),Cortisone.acetate..HILIC.,NA,NA,NA,0.20702609925525406,0.9444329669790502,Predefined,wilcoxon_log2,15.654079711117866,15.408978245130722,-0.245101465987144,NA,NA,NA,NA
Medium (31-90 days),Dexamethasone.acetate.anhydrous..C18.,NA,NA,NA,0.890424379930903,0.9842726757077296,Predefined,wilcoxon_log2,15.641826128978897,15.420458043493145,-0.22136808548575182,NA,NA,NA,NA
Medium (31-90 days),Fludrocortisone.acetate..HILIC.,NA,NA,NA,0.7980346369455842,0.9842726757077296,Predefined,wilcoxon_log2,14.63628782160923,14.69918827881836,0.06290045720913007,NA,NA,NA,NA
Medium (31-90 days),Fludrocortisone..C18.,NA,NA,NA,0.7084146709784827,0.9842726757077296,Predefined,wilcoxon_log2,15.721402782659183,15.90136533177509,0.17996254911590626,NA,NA,NA,NA
Medium (31-90 days),Hydrocortisone.sodium.succinate..HILIC.,NA,NA,NA,0.5150753953930358,0.9842726757077296,Predefined,wilcoxon_log2,14.718675436223787,15.391986794568892,0.6733113583451047,NA,NA,NA,NA
Medium (31-90 days),Mycophenolic.acid.O.acyl.glucuronide..C18.,NA,NA,NA,0.33729748820680366,0.9444329669790502,Predefined,wilcoxon_log2,20.12871944693757,19.39980836728904,-0.7289110796485296,NA,NA,NA,NA
Medium (31-90 days),Mycophenolate..C18.,NA,NA,NA,0.29779206277732967,0.9444329669790502,Predefined,wilcoxon_nonlog2,1139580.85,872004.9500000003,-267575.8999999998,NA,NA,NA,NA
Medium (31-90 days),Mycophenolate..HILIC.,NA,NA,NA,0.24455710167243752,0.9444329669790502,Predefined,wilcoxon_nonlog2,25437803.04999998,18658353.746258095,-6779449.3037418835,NA,NA,NA,NA
Medium (31-90 days),X11.Dehydrocorticosterone..HILIC.,NA,NA,NA,0.42596681278775245,0.9842726757077296,Predefined,wilcoxon_nonlog2,41386.70000000001,28797.249999999993,-12589.450000000019,NA,NA,NA,NA
Medium (31-90 days),Prednisone..HILIC.,NA,NA,NA,0.7678322811618331,0.9842726757077296,Predefined,wilcoxon_nonlog2,36440.85000000002,40975.09999999996,4534.249999999942,NA,NA,NA,NA
Medium (31-90 days),Cortisone..HILIC.,NA,NA,NA,0.9511358645945761,0.9842726757077296,Predefined,wilcoxon_nonlog2,26350.200000000004,31914.9,5564.699999999997,NA,NA,NA,NA
Medium (31-90 days),Tetrahydrocorticosterone..C18.,NA,NA,NA,0.9842726757077296,0.9842726757077296,Predefined,wilcoxon_nonlog2,1056534.5499999998,1047260.2499999993,-9274.300000000512,NA,NA,NA,NA
Medium (31-90 days),Tetrahydrocortisone..C18.,NA,NA,NA,0.8223336666113945,0.9842726757077296,Predefined,wilcoxon_nonlog2,66769.05,56435.44999999997,-10333.600000000035,NA,NA,NA,NA
Medium (31-90 days),Prednisone..C18.,NA,NA,NA,0.2883175152707268,0.9444329669790502,Predefined,wilcoxon_nonlog2,52758.34999999998,42496.40000000004,-10261.949999999939,NA,NA,NA,NA
Medium (31-90 days),Cortisone.acetate..HILIC.,NA,NA,NA,0.20702609925525406,0.9444329669790502,Predefined,wilcoxon_nonlog2,51565.249999999956,44396.249999999985,-7168.999999999971,NA,NA,NA,NA
Medium (31-90 days),Dexamethasone.acetate.anhydrous..C18.,NA,NA,NA,0.890424379930903,0.9842726757077296,Predefined,wilcoxon_nonlog2,51160.100000000006,46155.500000000015,-5004.599999999991,NA,NA,NA,NA
Medium (31-90 days),Fludrocortisone.acetate..HILIC.,NA,NA,NA,0.7980346369455842,0.9842726757077296,Predefined,wilcoxon_nonlog2,25466.849999999984,26701.35000000002,1234.5000000000364,NA,NA,NA,NA
Medium (31-90 days),Fludrocortisone..C18.,NA,NA,NA,0.7084146709784827,0.9842726757077296,Predefined,wilcoxon_nonlog2,54031.05000000002,61205.95,7174.89999999998,NA,NA,NA,NA
Medium (31-90 days),Hydrocortisone.sodium.succinate..HILIC.,NA,NA,NA,0.5150753953930358,0.9842726757077296,Predefined,wilcoxon_nonlog2,26963.34999999999,43093.50000000003,16130.150000000038,NA,NA,NA,NA
Medium (31-90 days),Mycophenolic.acid.O.acyl.glucuronide..C18.,NA,NA,NA,0.33729748820680366,0.9444329669790502,Predefined,wilcoxon_nonlog2,1146755.600000001,773645.7513989295,-373109.8486010715,NA,NA,NA,NA
Late (91-180 days),Mycophenolate..C18.,1172803.325,916339.7250000006,-256463.5999999994,0.15614772279591052,0.6574017292232583,Predefined,ttest,NA,NA,NA,NA,NA,NA,NA
Late (91-180 days),Mycophenolate..HILIC.,35829325.64215454,21593266.371015295,-14236059.271139242,0.224183575160371,0.6574017292232583,Predefined,ttest,NA,NA,NA,NA,NA,NA,NA
Late (91-180 days),X11.Dehydrocorticosterone..HILIC.,43587.30535714285,55909.21250000003,12321.907142857177,0.6341058310311558,0.9863868482706868,Predefined,ttest,NA,NA,NA,NA,NA,NA,NA
Late (91-180 days),Prednisone..HILIC.,43448.16785714286,66069.09999999995,22620.93214285709,0.1636044725545316,0.6574017292232583,Predefined,ttest,NA,NA,NA,NA,NA,NA,NA
Late (91-180 days),Cortisone..HILIC.,32954.582142857136,46199.25001265207,13244.667869794932,0.4919608399412433,0.9566065128840331,Predefined,ttest,NA,NA,NA,NA,NA,NA,NA
Late (91-180 days),Tetrahydrocorticosterone..C18.,1115556.4998797367,1167222.3996611382,51665.8997814015,0.4086995980801267,0.9536323955202957,Predefined,ttest,NA,NA,NA,NA,NA,NA,NA
Late (91-180 days),Tetrahydrocortisone..C18.,72576.72142854691,74536.37499999996,1959.6535714530473,0.912537454338771,0.9872505978563587,Predefined,ttest,NA,NA,NA,NA,NA,NA,NA
Late (91-180 days),Prednisone..C18.,94418.89642173046,68686.63750000003,-25732.258921730434,0.5466322930765903,0.9566065128840331,Predefined,ttest,NA,NA,NA,NA,NA,NA,NA
Late (91-180 days),Cortisone.acetate..HILIC.,49886.9392862508,49708.82499999998,-178.11428625082044,0.9774810538881069,0.9872505978563587,Predefined,ttest,NA,NA,NA,NA,NA,NA,NA
Late (91-180 days),Dexamethasone.acetate.anhydrous..C18.,50648.84642817236,51268.475000062725,619.6285718903673,0.9872505978563587,0.9872505978563587,Predefined,ttest,NA,NA,NA,NA,NA,NA,NA
Late (91-180 days),Fludrocortisone.acetate..HILIC.,25412.746428494836,14180.224999999995,-11232.521428494842,0.23478633186544942,0.6574017292232583,Predefined,ttest,NA,NA,NA,NA,NA,NA,NA
Late (91-180 days),Fludrocortisone..C18.,57870.07857142857,59609.225,1739.146428571432,0.8916382651582935,0.9872505978563587,Predefined,ttest,NA,NA,NA,NA,NA,NA,NA
Late (91-180 days),Hydrocortisone.sodium.succinate..HILIC.,35961.4,25524.35,-10437.050000000003,0.03168872120602626,0.4436420968843677,Predefined,ttest,NA,NA,NA,NA,NA,NA,NA
Late (91-180 days),Mycophenolic.acid.O.acyl.glucuronide..C18.,1105970.9823100483,1089641.124432251,-16329.857877797214,0.8345456805501745,0.9872505978563587,Predefined,ttest,NA,NA,NA,NA,NA,NA,NA
Late (91-180 days),Mycophenolate..C18.,NA,NA,NA,0.27858731924360397,0.657499073044123,Predefined,wilcoxon_log2,20.03620880265696,19.684358141689323,-0.3518506609676386,NA,NA,NA,NA
Late (91-180 days),Mycophenolate..HILIC.,NA,NA,NA,0.5122531379804476,0.657499073044123,Predefined,wilcoxon_log2,24.568539673743402,23.89741945156239,-0.6711202221810133,NA,NA,NA,NA
Late (91-180 days),X11.Dehydrocorticosterone..HILIC.,NA,NA,NA,0.45535779137535437,0.657499073044123,Predefined,wilcoxon_log2,14.563847079831952,15.871560417103328,1.3077133372713767,NA,NA,NA,NA
Late (91-180 days),Prednisone..HILIC.,NA,NA,NA,0.07185761957730813,0.657499073044123,Predefined,wilcoxon_log2,15.203320308019874,15.784451276923015,0.5811309689031408,NA,NA,NA,NA
Late (91-180 days),Cortisone..HILIC.,NA,NA,NA,0.49115684093437145,0.657499073044123,Predefined,wilcoxon_log2,14.89261625122649,14.885427780757759,-0.0071884704687317225,NA,NA,NA,NA
Late (91-180 days),Tetrahydrocorticosterone..C18.,NA,NA,NA,0.5635706340378197,0.657499073044123,Predefined,wilcoxon_log2,20.052898095741305,20.140913631839275,0.08801553609796997,NA,NA,NA,NA
Late (91-180 days),Tetrahydrocortisone..C18.,NA,NA,NA,0.4417126287043327,0.657499073044123,Predefined,wilcoxon_log2,15.874607862968144,16.09888148962852,0.2242736266603771,NA,NA,NA,NA
Late (91-180 days),Prednisone..C18.,NA,NA,NA,0.5268631813125695,0.657499073044123,Predefined,wilcoxon_log2,15.98707524611294,15.624331371427573,-0.36274387468536773,NA,NA,NA,NA
Late (91-180 days),Cortisone.acetate..HILIC.,NA,NA,NA,0.8047274749721912,0.8666295884315905,Predefined,wilcoxon_log2,15.530113004769142,15.581087747038932,0.050974742269790596,NA,NA,NA,NA
Late (91-180 days),Dexamethasone.acetate.anhydrous..C18.,NA,NA,NA,0.5304243567080777,0.657499073044123,Predefined,wilcoxon_log2,15.488323811139617,14.522709485691523,-0.9656143254480938,NA,NA,NA,NA
Late (91-180 days),Fludrocortisone.acetate..HILIC.,NA,NA,NA,0.20850945494994438,0.657499073044123,Predefined,wilcoxon_log2,14.646666123917399,12.735594194039408,-1.9110719298779912,NA,NA,NA,NA
Late (91-180 days),Fludrocortisone..C18.,NA,NA,NA,0.978031145717464,0.978031145717464,Predefined,wilcoxon_log2,15.740659172168208,15.623062933579723,-0.11759623858848478,NA,NA,NA,NA
Late (91-180 days),Hydrocortisone.sodium.succinate..HILIC.,NA,NA,NA,0.49115684093437145,0.657499073044123,Predefined,wilcoxon_log2,14.798146253310016,14.595470279362075,-0.20267597394794024,NA,NA,NA,NA
Late (91-180 days),Mycophenolic.acid.O.acyl.glucuronide..C18.,NA,NA,NA,0.27858731924360397,0.657499073044123,Predefined,wilcoxon_log2,20.17500393067306,20.053230752976674,-0.12177317769638663,NA,NA,NA,NA
Late (91-180 days),Mycophenolate..C18.,NA,NA,NA,0.27858731924360397,0.657499073044123,Predefined,wilcoxon_nonlog2,1075416.5,842943.8500000009,-232472.6499999991,NA,NA,NA,NA
Late (91-180 days),Mycophenolate..HILIC.,NA,NA,NA,0.5122531379804476,0.657499073044123,Predefined,wilcoxon_nonlog2,24896783.540163577,20423822.692030586,-4472960.84813299,NA,NA,NA,NA
Late (91-180 days),X11.Dehydrocorticosterone..HILIC.,NA,NA,NA,0.45535779137535437,0.657499073044123,Predefined,wilcoxon_nonlog2,24860.75,62186.250000000044,37325.500000000044,NA,NA,NA,NA
Late (91-180 days),Prednisone..HILIC.,NA,NA,NA,0.07185761957730813,0.657499073044123,Predefined,wilcoxon_nonlog2,37727.35000000002,56641.84999999993,18914.499999999913,NA,NA,NA,NA
Late (91-180 days),Cortisone..HILIC.,NA,NA,NA,0.49115684093437145,0.657499073044123,Predefined,wilcoxon_nonlog2,30417.550000000017,30309.800025304125,-107.74997469589289,NA,NA,NA,NA
Late (91-180 days),Tetrahydrocorticosterone..C18.,NA,NA,NA,0.5635706340378197,0.657499073044123,Predefined,wilcoxon_nonlog2,1087910.3499999992,1156879.1487981244,68968.79879812524,NA,NA,NA,NA
Late (91-180 days),Tetrahydrocortisone..C18.,NA,NA,NA,0.4417126287043327,0.657499073044123,Predefined,wilcoxon_nonlog2,60082.15000000005,70194.34999999995,10112.199999999895,NA,NA,NA,NA
Late (91-180 days),Prednisone..C18.,NA,NA,NA,0.5268631813125695,0.657499073044123,Predefined,wilcoxon_nonlog2,65185.94990422651,51268.450000000004,-13917.499904226504,NA,NA,NA,NA
Late (91-180 days),Cortisone.acetate..HILIC.,NA,NA,NA,0.8047274749721912,0.8666295884315905,Predefined,wilcoxon_nonlog2,47321.05,49027.09999999995,1706.0499999999447,NA,NA,NA,NA
Late (91-180 days),Dexamethasone.acetate.anhydrous..C18.,NA,NA,NA,0.5304243567080777,0.657499073044123,Predefined,wilcoxon_nonlog2,45968.05000000005,24724.899999999994,-21243.150000000052,NA,NA,NA,NA
Late (91-180 days),Fludrocortisone.acetate..HILIC.,NA,NA,NA,0.20850945494994438,0.657499073044123,Predefined,wilcoxon_nonlog2,25651.750000000004,13975.149999999992,-11676.600000000011,NA,NA,NA,NA
Late (91-180 days),Fludrocortisone..C18.,NA,NA,NA,0.978031145717464,0.978031145717464,Predefined,wilcoxon_nonlog2,54764.44999999994,50769.25,-3995.199999999939,NA,NA,NA,NA
Late (91-180 days),Hydrocortisone.sodium.succinate..HILIC.,NA,NA,NA,0.49115684093437145,0.657499073044123,Predefined,wilcoxon_nonlog2,28490.70000000001,24769.950000000008,-3720.7500000000036,NA,NA,NA,NA
Late (91-180 days),Mycophenolic.acid.O.acyl.glucuronide..C18.,NA,NA,NA,0.27858731924360397,0.657499073044123,Predefined,wilcoxon_nonlog2,1183911.9500000004,1090736.498864501,-93175.4511354994,NA,NA,NA,NA
Late (91-180 days),Mycophenolate..C18.,NA,NA,NA,0.31648351648351647,0.8861538461538461,Predefined,patient_level,NA,NA,-297137.4249999997,1140324.8250000004,843187.4000000007,12,4
Late (91-180 days),Mycophenolate..HILIC.,NA,NA,NA,0.07802197802197802,0.5461538461538462,Predefined,patient_level,NA,NA,-14904812.112500012,25962099.312500004,11057287.199999992,12,4
Late (91-180 days),X11.Dehydrocorticosterone..HILIC.,NA,NA,NA,0.8552381466113881,1,Predefined,patient_level,NA,NA,-468.83750000000873,25408.70000000002,24939.86250000001,12,4
Late (91-180 days),Prednisone..HILIC.,NA,NA,NA,0.9527472527472529,1,Predefined,patient_level,NA,NA,1363.8999999999724,43474.399999999994,44838.29999999997,12,4
Late (91-180 days),Cortisone..HILIC.,NA,NA,NA,0.21208791208791208,0.8861538461538461,Predefined,patient_level,NA,NA,6195.125025304147,27921.07499999998,34116.200025304126,12,4
Late (91-180 days),Tetrahydrocorticosterone..C18.,NA,NA,NA,0.8615384615384615,1,Predefined,patient_level,NA,NA,655.149060200667,1108613.2500000002,1109268.399060201,12,4
Late (91-180 days),Tetrahydrocortisone..C18.,NA,NA,NA,0.4461538461538461,1,Predefined,patient_level,NA,NA,-22460.600000000042,64679.65000000004,42219.049999999996,12,4
Late (91-180 days),Prednisone..C18.,NA,NA,NA,0.31648351648351647,0.8861538461538461,Predefined,patient_level,NA,NA,-33910.525095773504,88291.32500000001,54380.79990422651,12,4
Late (91-180 days),Cortisone.acetate..HILIC.,NA,NA,NA,0.8615384615384615,1,Predefined,patient_level,NA,NA,-967.1500000000087,51469.200000000026,50502.05000000002,12,4
Late (91-180 days),Dexamethasone.acetate.anhydrous..C18.,NA,NA,NA,0.03910594620994303,0.5461538461538462,Predefined,patient_level,NA,NA,-34343.100000000006,54865.250000000015,20522.150000000005,12,4
Late (91-180 days),Fludrocortisone.acetate..HILIC.,NA,NA,NA,0.6835164835164834,1,Predefined,patient_level,NA,NA,-6058.849979395451,26148.07497939544,20089.224999999988,12,4
Late (91-180 days),Fludrocortisone..C18.,NA,NA,NA,1,1,Predefined,patient_level,NA,NA,-1910.4749999999913,53569.225000000006,51658.750000000015,12,4
Late (91-180 days),Hydrocortisone.sodium.succinate..HILIC.,NA,NA,NA,0.6835164835164834,1,Predefined,patient_level,NA,NA,-1191.4999999999927,27646.399999999994,26454.9,12,4
Late (91-180 days),Mycophenolic.acid.O.acyl.glucuronide..C18.,NA,NA,NA,0.7703296703296703,1,Predefined,patient_level,NA,NA,27650.224999999395,1140531.7750000004,1168181.9999999998,12,4
Q1 (Earliest),Mycophenolate..C18.,1219891.708498612,1090779.8833333333,-129111.82516527874,0.6171464806259389,0.9330869541716456,Quartiles,ttest,NA,NA,NA,NA,NA,NA,NA
Q1 (Earliest),Mycophenolate..HILIC.,40024888.441664405,39017580.28750001,-1007308.1541643962,0.9216910069185789,0.9330869541716456,Quartiles,ttest,NA,NA,NA,NA,NA,NA,NA
Q1 (Earliest),X11.Dehydrocorticosterone..HILIC.,50726.25999397232,36719.24583333332,-14007.014160639003,0.27175879822593907,0.9330869541716456,Quartiles,ttest,NA,NA,NA,NA,NA,NA,NA
Q1 (Earliest),Prednisone..HILIC.,54409.155999999995,47771.866666666676,-6637.2893333333195,0.4079146171743103,0.9330869541716456,Quartiles,ttest,NA,NA,NA,NA,NA,NA,NA
Q1 (Earliest),Cortisone..HILIC.,35481.95200780731,38589.270823800194,3107.318815992883,0.7244357911368764,0.9330869541716456,Quartiles,ttest,NA,NA,NA,NA,NA,NA,NA
Q1 (Earliest),Tetrahydrocorticosterone..C18.,1155784.468,1139039.6416666661,-16744.82633333397,0.8302246267162486,0.9330869541716456,Quartiles,ttest,NA,NA,NA,NA,NA,NA,NA
Q1 (Earliest),Tetrahydrocortisone..C18.,63180.90000534086,90585,27404.09999465914,0.1343755387915518,0.9167893930344305,Quartiles,ttest,NA,NA,NA,NA,NA,NA,NA
Q1 (Earliest),Prednisone..C18.,127102.52999886464,152303.0875136572,25200.557514792556,0.7413142382431949,0.9330869541716456,Quartiles,ttest,NA,NA,NA,NA,NA,NA,NA
Q1 (Earliest),Cortisone.acetate..HILIC.,57082.012003619035,50088.23333333333,-6993.778670285705,0.19645486993594938,0.9167893930344305,Quartiles,ttest,NA,NA,NA,NA,NA,NA,NA
Q1 (Earliest),Dexamethasone.acetate.anhydrous..C18.,60348.44,61443.299999999996,1094.8599999999933,0.9330869541716456,0.9330869541716456,Quartiles,ttest,NA,NA,NA,NA,NA,NA,NA
Q1 (Earliest),Fludrocortisone.acetate..HILIC.,26316.719999999998,28604.341666666674,2287.621666666677,0.5393743846938754,0.9330869541716456,Quartiles,ttest,NA,NA,NA,NA,NA,NA,NA
Q1 (Earliest),Fludrocortisone..C18.,65254.67600579287,51527.19166666667,-13727.484339126197,0.11889176492301493,0.9167893930344305,Quartiles,ttest,NA,NA,NA,NA,NA,NA,NA
Q1 (Earliest),Hydrocortisone.sodium.succinate..HILIC.,31922.941997769103,43977.674994531575,12054.732996762472,0.3693480383697241,0.9330869541716456,Quartiles,ttest,NA,NA,NA,NA,NA,NA,NA
Q1 (Earliest),Mycophenolic.acid.O.acyl.glucuronide..C18.,1256585.2239680213,1086229.1583333325,-170356.06563468883,0.5698534369672226,0.9330869541716456,Quartiles,ttest,NA,NA,NA,NA,NA,NA,NA
Q1 (Earliest),Mycophenolate..C18.,NA,NA,NA,0.8353464497873317,1,Quartiles,wilcoxon_log2,20.12610866373582,19.892382126557248,-0.2337265371785726,NA,NA,NA,NA
Q1 (Earliest),Mycophenolate..HILIC.,NA,NA,NA,0.8353464497873317,1,Quartiles,wilcoxon_log2,24.765325787535716,25.21288903308138,0.4475632455456662,NA,NA,NA,NA
Q1 (Earliest),X11.Dehydrocorticosterone..HILIC.,NA,NA,NA,0.1702997472479904,0.5960491153679665,Quartiles,wilcoxon_log2,15.52342109162053,15.118953762222432,-0.4044673293980985,NA,NA,NA,NA
Q1 (Earliest),Prednisone..HILIC.,NA,NA,NA,0.6657516266886154,1,Quartiles,wilcoxon_log2,15.533889404255026,15.223573170061258,-0.31031623419376864,NA,NA,NA,NA
Q1 (Earliest),Cortisone..HILIC.,NA,NA,NA,0.761240813030383,1,Quartiles,wilcoxon_log2,15.084372466311516,15.143580897512809,0.059208431201293266,NA,NA,NA,NA
Q1 (Earliest),Tetrahydrocorticosterone..C18.,NA,NA,NA,0.9872461803692585,1,Quartiles,wilcoxon_log2,20.085402047083868,20.091450937129782,0.006048890045914135,NA,NA,NA,NA
Q1 (Earliest),Tetrahydrocortisone..C18.,NA,NA,NA,0.1415423334876322,0.5960491153679665,Quartiles,wilcoxon_log2,16.13144907560073,16.244252340936338,0.11280326533560725,NA,NA,NA,NA
Q1 (Earliest),Prednisone..C18.,NA,NA,NA,0.6970139340316205,1,Quartiles,wilcoxon_log2,16.59839714966823,16.245485703626038,-0.35291144604219227,NA,NA,NA,NA
Q1 (Earliest),Cortisone.acetate..HILIC.,NA,NA,NA,0.13281012701937914,0.5960491153679665,Quartiles,wilcoxon_log2,15.775780037421224,15.54955026304734,-0.22622977437388414,NA,NA,NA,NA
Q1 (Earliest),Dexamethasone.acetate.anhydrous..C18.,NA,NA,NA,1,1,Quartiles,wilcoxon_log2,15.933026708509994,15.525353497410002,-0.40767321109999166,NA,NA,NA,NA
Q1 (Earliest),Fludrocortisone.acetate..HILIC.,NA,NA,NA,0.3952258766104215,1,Quartiles,wilcoxon_log2,14.409629663850238,14.777898122363467,0.36826845851322965,NA,NA,NA,NA
Q1 (Earliest),Fludrocortisone..C18.,NA,NA,NA,0.10903609935213678,0.5960491153679665,Quartiles,wilcoxon_log2,15.846744047725874,15.534445584606726,-0.31229846311914855,NA,NA,NA,NA
Q1 (Earliest),Hydrocortisone.sodium.succinate..HILIC.,NA,NA,NA,0.7369692002290313,1,Quartiles,wilcoxon_log2,14.894581004369375,14.705114928813641,-0.18946607555573358,NA,NA,NA,NA
Q1 (Earliest),Mycophenolic.acid.O.acyl.glucuronide..C18.,NA,NA,NA,0.9617515593109389,1,Quartiles,wilcoxon_log2,20.060588284083362,20.138073541212044,0.07748525712868215,NA,NA,NA,NA
Q1 (Earliest),Mycophenolate..C18.,NA,NA,NA,0.8353464497873317,1,Quartiles,wilcoxon_nonlog2,1144359.300000001,979890.7999999998,-164468.50000000116,NA,NA,NA,NA
Q1 (Earliest),Mycophenolate..HILIC.,NA,NA,NA,0.8353464497873317,1,Quartiles,wilcoxon_nonlog2,28517136.500000004,38914530.400000006,10397393.900000002,NA,NA,NA,NA
Q1 (Earliest),X11.Dehydrocorticosterone..HILIC.,NA,NA,NA,0.1702997472479904,0.5960491153679665,Quartiles,wilcoxon_nonlog2,47099.40000000002,35586.34999999998,-11513.050000000047,NA,NA,NA,NA
Q1 (Earliest),Prednisone..HILIC.,NA,NA,NA,0.6657516266886154,1,Quartiles,wilcoxon_nonlog2,47442.399999999936,38263.15000000001,-9179.249999999927,NA,NA,NA,NA
Q1 (Earliest),Cortisone..HILIC.,NA,NA,NA,0.761240813030383,1,Quartiles,wilcoxon_nonlog2,34741.50000000001,36399.800040712755,1658.3000407127474,NA,NA,NA,NA
Q1 (Earliest),Tetrahydrocorticosterone..C18.,NA,NA,NA,0.9872461803692585,1,Quartiles,wilcoxon_nonlog2,1112521.7,1117296.8499999996,4775.149999999674,NA,NA,NA,NA
Q1 (Earliest),Tetrahydrocortisone..C18.,NA,NA,NA,0.1415423334876322,0.5960491153679665,Quartiles,wilcoxon_nonlog2,71787.70000000001,77730.70000000007,5943.000000000058,NA,NA,NA,NA
Q1 (Earliest),Prednisone..C18.,NA,NA,NA,0.6970139340316205,1,Quartiles,wilcoxon_nonlog2,99223.70000000006,78277.60000000003,-20946.10000000002,NA,NA,NA,NA
Q1 (Earliest),Cortisone.acetate..HILIC.,NA,NA,NA,0.13281012701937914,0.5960491153679665,Quartiles,wilcoxon_nonlog2,56102.59999999997,47964.49999999996,-8138.100000000006,NA,NA,NA,NA
Q1 (Earliest),Dexamethasone.acetate.anhydrous..C18.,NA,NA,NA,1,1,Quartiles,wilcoxon_nonlog2,62563.19999999996,48308.45,-14254.749999999964,NA,NA,NA,NA
Q1 (Earliest),Fludrocortisone.acetate..HILIC.,NA,NA,NA,0.3952258766104215,1,Quartiles,wilcoxon_nonlog2,21763.599999999962,28143.249999999996,6379.650000000034,NA,NA,NA,NA
Q1 (Earliest),Fludrocortisone..C18.,NA,NA,NA,0.10903609935213678,0.5960491153679665,Quartiles,wilcoxon_nonlog2,58931.20000000001,47485.500000000015,-11445.699999999997,NA,NA,NA,NA
Q1 (Earliest),Hydrocortisone.sodium.succinate..HILIC.,NA,NA,NA,0.7369692002290313,1,Quartiles,wilcoxon_nonlog2,30459.00000000001,26725.54999999999,-3733.4500000000226,NA,NA,NA,NA
Q1 (Earliest),Mycophenolic.acid.O.acyl.glucuronide..C18.,NA,NA,NA,0.9617515593109389,1,Quartiles,wilcoxon_nonlog2,1093550.3999999987,1154157.7000000014,60607.30000000261,NA,NA,NA,NA
Q1 (Earliest),Mycophenolate..C18.,NA,NA,NA,0.5532212885154062,0.8679555738379268,Quartiles,patient_level,NA,NA,246139.9750000001,790763.0249999994,1036902.9999999995,6,12
Q1 (Earliest),Mycophenolate..HILIC.,NA,NA,NA,0.8200818789054083,0.8831651003596704,Quartiles,patient_level,NA,NA,8504221.450000033,28108373.17500002,36612594.62500005,6,12
Q1 (Earliest),X11.Dehydrocorticosterone..HILIC.,NA,NA,NA,0.6819650937297996,0.8679555738379268,Quartiles,patient_level,NA,NA,-6276.000000000051,47138.97500000002,40862.97499999997,6,12
Q1 (Earliest),Prednisone..HILIC.,NA,NA,NA,0.6164619694031459,0.8679555738379268,Quartiles,patient_level,NA,NA,-5231.94999999999,58410.40000000001,53178.45000000002,6,12
Q1 (Earliest),Cortisone..HILIC.,NA,NA,NA,0.6819650937297996,0.8679555738379268,Quartiles,patient_level,NA,NA,8033.424990354259,29414.899999999987,37448.324990354246,6,12
Q1 (Earliest),Tetrahydrocorticosterone..C18.,NA,NA,NA,0.8916181857358327,0.8916181857358327,Quartiles,patient_level,NA,NA,89998.07500000042,1088575.8000000003,1178573.8750000007,6,12
Q1 (Earliest),Tetrahydrocortisone..C18.,NA,NA,NA,0.7502693385046326,0.8753142282554048,Quartiles,patient_level,NA,NA,-12550.999999999993,78030.20000000001,65479.20000000002,6,12
Q1 (Earliest),Prednisone..C18.,NA,NA,NA,0.43708252531781944,0.8679555738379268,Quartiles,patient_level,NA,NA,-9139.649999999994,107417.02500000002,98277.37500000003,6,12
Q1 (Earliest),Cortisone.acetate..HILIC.,NA,NA,NA,0.33548804137039434,0.8679555738379268,Quartiles,patient_level,NA,NA,-4345.199999999975,56065.94999999997,51720.74999999999,6,12
Q1 (Earliest),Dexamethasone.acetate.anhydrous..C18.,NA,NA,NA,0.024455936220642106,0.3423831070889895,Quartiles,patient_level,NA,NA,-31191.200000000048,79009.20000000004,47817.99999999999,6,12
Q1 (Earliest),Fludrocortisone.acetate..HILIC.,NA,NA,NA,0.49364361129067014,0.8679555738379268,Quartiles,patient_level,NA,NA,7397.824999999972,22253.100000000006,29650.924999999977,6,12
Q1 (Earliest),Fludrocortisone..C18.,NA,NA,NA,0.08306399482870072,0.581447963800905,Quartiles,patient_level,NA,NA,-16871.90000000001,69163.225,52291.325,6,12
Q1 (Earliest),Hydrocortisone.sodium.succinate..HILIC.,NA,NA,NA,0.6164619694031459,0.8679555738379268,Quartiles,patient_level,NA,NA,1515.4499861807744,30157.800013819215,31673.24999999999,6,12
Q1 (Earliest),Mycophenolic.acid.O.acyl.glucuronide..C18.,NA,NA,NA,0.33548804137039434,0.8679555738379268,Quartiles,patient_level,NA,NA,-383815.7500000014,1448561.8250000007,1064746.0749999993,6,12
Q2 (Early-Med),Mycophenolate..C18.,1093806.9857124805,1019828.2999999999,-73978.68571248057,0.6818780761374118,0.8679877264478644,Quartiles,ttest,NA,NA,NA,NA,NA,NA,NA
Q2 (Early-Med),Mycophenolate..HILIC.,38027005.7681477,39772262.96666667,1745257.1985189691,0.8419091686582524,0.8679877264478644,Quartiles,ttest,NA,NA,NA,NA,NA,NA,NA
Q2 (Early-Med),X11.Dehydrocorticosterone..HILIC.,61767.641071428574,57088.09999999999,-4679.541071428583,0.8148223203769844,0.8679877264478644,Quartiles,ttest,NA,NA,NA,NA,NA,NA,NA
Q2 (Early-Med),Prednisone..HILIC.,43259.928569073105,48516.40000000001,5256.471430926904,0.3292942608531818,0.8679877264478644,Quartiles,ttest,NA,NA,NA,NA,NA,NA,NA
Q2 (Early-Med),Cortisone..HILIC.,46572.92678571428,37791.066666666666,-8781.860119047611,0.520196846161919,0.8679877264478644,Quartiles,ttest,NA,NA,NA,NA,NA,NA,NA
Q2 (Early-Med),Tetrahydrocorticosterone..C18.,1046971.6179617748,902980.8999999998,-143990.71796177502,0.6276393721465084,0.8679877264478644,Quartiles,ttest,NA,NA,NA,NA,NA,NA,NA
Q2 (Early-Med),Tetrahydrocortisone..C18.,95533.38572051964,79081.40000000001,-16451.98572051963,0.4858833964818534,0.8679877264478644,Quartiles,ttest,NA,NA,NA,NA,NA,NA,NA
Q2 (Early-Med),Prednisone..C18.,61263.21069697514,76987.21666666669,15724.005969691549,0.7382600126090186,0.8679877264478644,Quartiles,ttest,NA,NA,NA,NA,NA,NA,NA
Q2 (Early-Med),Cortisone.acetate..HILIC.,57813.06785912525,38883.16666666665,-18929.9011924586,0.054353593968509854,0.760950315559138,Quartiles,ttest,NA,NA,NA,NA,NA,NA,NA
Q2 (Early-Med),Dexamethasone.acetate.anhydrous..C18.,48634.5964285804,34926.99999999999,-13707.596428580408,0.12624169938073437,0.8679877264478644,Quartiles,ttest,NA,NA,NA,NA,NA,NA,NA
Q2 (Early-Med),Fludrocortisone.acetate..HILIC.,31099.392852781755,33369.66666666667,2270.2738138849163,0.5712970210543036,0.8679877264478644,Quartiles,ttest,NA,NA,NA,NA,NA,NA,NA
Q2 (Early-Med),Fludrocortisone..C18.,56549.54286142905,58765.833333333336,2216.2904719042854,0.8679877264478644,0.8679877264478644,Quartiles,ttest,NA,NA,NA,NA,NA,NA,NA
Q2 (Early-Med),Hydrocortisone.sodium.succinate..HILIC.,39428.26785612597,37618.9,-1809.3678561259658,0.7970261466983833,0.8679877264478644,Quartiles,ttest,NA,NA,NA,NA,NA,NA,NA
Q2 (Early-Med),Mycophenolic.acid.O.acyl.glucuronide..C18.,1326826.060496417,1522970.4000000001,196144.33950358303,0.6068178215768285,0.8679877264478644,Quartiles,ttest,NA,NA,NA,NA,NA,NA,NA
Q2 (Early-Med),Mycophenolate..C18.,NA,NA,NA,0.7768631813125694,1,Quartiles,wilcoxon_log2,19.70080707382067,19.962854078492736,0.2620470046720662,NA,NA,NA,NA
Q2 (Early-Med),Mycophenolate..HILIC.,NA,NA,NA,0.3325852653958983,1,Quartiles,wilcoxon_log2,24.577992994526394,25.381089438995744,0.8030964444693502,NA,NA,NA,NA
Q2 (Early-Med),X11.Dehydrocorticosterone..HILIC.,NA,NA,NA,0.974860956618465,1,Quartiles,wilcoxon_log2,15.655326101650548,15.609424082806965,-0.04590201884358258,NA,NA,NA,NA
Q2 (Early-Med),Prednisone..HILIC.,NA,NA,NA,0.6812013348164625,1,Quartiles,wilcoxon_log2,15.385319358940936,15.534807476020019,0.14948811707908227,NA,NA,NA,NA
Q2 (Early-Med),Cortisone..HILIC.,NA,NA,NA,1,1,Quartiles,wilcoxon_log2,15.242951585880718,14.994702620502354,-0.24824896537836416,NA,NA,NA,NA
Q2 (Early-Med),Tetrahydrocorticosterone..C18.,NA,NA,NA,0.5454949944382647,1,Quartiles,wilcoxon_log2,20.023596780326354,19.32471542913294,-0.698881351193414,NA,NA,NA,NA
Q2 (Early-Med),Tetrahydrocortisone..C18.,NA,NA,NA,0.974860956618465,1,Quartiles,wilcoxon_log2,16.395783830343138,16.498165163196425,0.10238133285328743,NA,NA,NA,NA
Q2 (Early-Med),Prednisone..C18.,NA,NA,NA,0.6161480335402807,1,Quartiles,wilcoxon_log2,15.305342953842974,16.574357015350024,1.2690140615070504,NA,NA,NA,NA
Q2 (Early-Med),Cortisone.acetate..HILIC.,NA,NA,NA,0.12191323692992212,1,Quartiles,wilcoxon_log2,15.701604433329209,15.117874428601274,-0.5837300047279346,NA,NA,NA,NA
Q2 (Early-Med),Dexamethasone.acetate.anhydrous..C18.,NA,NA,NA,0.5454949944382647,1,Quartiles,wilcoxon_log2,15.425571622358301,14.924450717678983,-0.5011209046793184,NA,NA,NA,NA
Q2 (Early-Med),Fludrocortisone.acetate..HILIC.,NA,NA,NA,0.3159065628476084,1,Quartiles,wilcoxon_log2,14.737889728065936,15.01975581055073,0.28186608248479494,NA,NA,NA,NA
Q2 (Early-Med),Fludrocortisone..C18.,NA,NA,NA,0.8258064516129031,1,Quartiles,wilcoxon_log2,15.69950901857611,15.858539605794801,0.159030587218691,NA,NA,NA,NA
Q2 (Early-Med),Hydrocortisone.sodium.succinate..HILIC.,NA,NA,NA,0.5454949944382647,1,Quartiles,wilcoxon_log2,14.983515130038437,15.295923188091308,0.31240805805287053,NA,NA,NA,NA
Q2 (Early-Med),Mycophenolic.acid.O.acyl.glucuronide..C18.,NA,NA,NA,0.3324389798537876,1,Quartiles,wilcoxon_log2,19.74693738504359,20.400703420560067,0.653766035516476,NA,NA,NA,NA
Q2 (Early-Med),Mycophenolate..C18.,NA,NA,NA,0.7768631813125694,1,Quartiles,wilcoxon_nonlog2,853425.7000000004,1021922.3000000003,168496.59999999986,NA,NA,NA,NA
Q2 (Early-Med),Mycophenolate..HILIC.,NA,NA,NA,0.3325852653958983,1,Quartiles,wilcoxon_nonlog2,25061834.64238704,43698773.09999999,18636938.457612947,NA,NA,NA,NA
Q2 (Early-Med),X11.Dehydrocorticosterone..HILIC.,NA,NA,NA,0.974860956618465,1,Quartiles,wilcoxon_nonlog2,51617.55000000005,49992.5,-1625.0500000000466,NA,NA,NA,NA
Q2 (Early-Med),Prednisone..HILIC.,NA,NA,NA,0.6812013348164625,1,Quartiles,wilcoxon_nonlog2,42817.049999999996,47472.60000000002,4655.550000000025,NA,NA,NA,NA
Q2 (Early-Med),Cortisone..HILIC.,NA,NA,NA,1,1,Quartiles,wilcoxon_nonlog2,38824.65000000004,32647.899999999983,-6176.750000000055,NA,NA,NA,NA
Q2 (Early-Med),Tetrahydrocorticosterone..C18.,NA,NA,NA,0.5454949944382647,1,Quartiles,wilcoxon_nonlog2,1065874.65,656627.3999999994,-409247.25000000047,NA,NA,NA,NA
Q2 (Early-Med),Tetrahydrocortisone..C18.,NA,NA,NA,0.974860956618465,1,Quartiles,wilcoxon_nonlog2,86234.65000000004,92564.1000000001,6329.450000000055,NA,NA,NA,NA
Q2 (Early-Med),Prednisone..C18.,NA,NA,NA,0.6161480335402807,1,Quartiles,wilcoxon_nonlog2,40491.850000000006,97584.00000000006,57092.15000000005,NA,NA,NA,NA
Q2 (Early-Med),Cortisone.acetate..HILIC.,NA,NA,NA,0.12191323692992212,1,Quartiles,wilcoxon_nonlog2,53298.450000000026,35557.699999999975,-17740.75000000005,NA,NA,NA,NA
Q2 (Early-Med),Dexamethasone.acetate.anhydrous..C18.,NA,NA,NA,0.5454949944382647,1,Quartiles,wilcoxon_nonlog2,44010.84999999999,31096.19999999999,-12914.650000000001,NA,NA,NA,NA
Q2 (Early-Med),Fludrocortisone.acetate..HILIC.,NA,NA,NA,0.3159065628476084,1,Quartiles,wilcoxon_nonlog2,27324.799999999996,33219.80000000002,5895.000000000022,NA,NA,NA,NA
Q2 (Early-Med),Fludrocortisone..C18.,NA,NA,NA,0.8258064516129031,1,Quartiles,wilcoxon_nonlog2,53214.04999999999,59415.000000000015,6200.950000000026,NA,NA,NA,NA
Q2 (Early-Med),Hydrocortisone.sodium.succinate..HILIC.,NA,NA,NA,0.5454949944382647,1,Quartiles,wilcoxon_nonlog2,32401.450000000033,40228.300000000025,7826.849999999991,NA,NA,NA,NA
Q2 (Early-Med),Mycophenolic.acid.O.acyl.glucuronide..C18.,NA,NA,NA,0.3324389798537876,1,Quartiles,wilcoxon_nonlog2,882535.45,1384279.0999999996,501743.6499999997,NA,NA,NA,NA
Q2 (Early-Med),Mycophenolate..C18.,NA,NA,NA,0.3,0.8441176470588235,Quartiles,patient_level,NA,NA,-317699.72499999905,1110536.0749999993,792836.3500000002,14,3
Q2 (Early-Med),Mycophenolate..HILIC.,NA,NA,NA,0.8588235294117648,1,Quartiles,patient_level,NA,NA,-2633395.0724195912,31425572.114806637,28792177.042387046,14,3
Q2 (Early-Med),X11.Dehydrocorticosterone..HILIC.,NA,NA,NA,0.09117647058823529,0.8441176470588235,Quartiles,patient_level,NA,NA,28515.849999999977,43091.500000000015,71607.34999999999,14,3
Q2 (Early-Med),Prednisone..HILIC.,NA,NA,NA,0.19705882352941176,0.8441176470588235,Quartiles,patient_level,NA,NA,16141.524999999965,35923.67499999999,52065.19999999995,14,3
Q2 (Early-Med),Cortisone..HILIC.,NA,NA,NA,0.6764705882352942,0.9470588235294117,Quartiles,patient_level,NA,NA,-657.3749999999563,50615.97499999999,49958.600000000035,14,3
Q2 (Early-Med),Tetrahydrocorticosterone..C18.,NA,NA,NA,0.36176470588235293,0.8441176470588235,Quartiles,patient_level,NA,NA,61933.95000000065,1059242.1499999994,1121176.1,14,3
Q2 (Early-Med),Tetrahydrocortisone..C18.,NA,NA,NA,0.6764705882352942,0.9470588235294117,Quartiles,patient_level,NA,NA,-31965.02500000001,89039.17500000005,57074.15000000004,14,3
Q2 (Early-Med),Prednisone..C18.,NA,NA,NA,0.9529411764705882,1,Quartiles,patient_level,NA,NA,10948.150000000016,58113.85000000001,69062.00000000003,14,3
Q2 (Early-Med),Cortisone.acetate..HILIC.,NA,NA,NA,1,1,Quartiles,patient_level,NA,NA,-1698.200000000019,51891.45000000001,50193.24999999999,14,3
Q2 (Early-Med),Dexamethasone.acetate.anhydrous..C18.,NA,NA,NA,0.8588235294117648,1,Quartiles,patient_level,NA,NA,-2724.750000000051,44262.00000000001,41537.249999999956,14,3
Q2 (Early-Med),Fludrocortisone.acetate..HILIC.,NA,NA,NA,0.24411764705882352,0.8441176470588235,Quartiles,patient_level,NA,NA,7893.500000000007,26522.999999999993,34416.5,14,3
Q2 (Early-Med),Fludrocortisone..C18.,NA,NA,NA,0.5911764705882353,0.9470588235294117,Quartiles,patient_level,NA,NA,1947.649999999987,56136.950000000004,58084.59999999999,14,3
Q2 (Early-Med),Hydrocortisone.sodium.succinate..HILIC.,NA,NA,NA,0.6764705882352942,0.9470588235294117,Quartiles,patient_level,NA,NA,294.4499999999898,33178.700000000026,33473.150000000016,14,3
Q2 (Early-Med),Mycophenolic.acid.O.acyl.glucuronide..C18.,NA,NA,NA,0.36176470588235293,0.8441176470588235,Quartiles,patient_level,NA,NA,-259254.27500000037,1328868.075000001,1069613.8000000005,14,3
Q3 (Med-Late),Mycophenolate..C18.,1230468.023333333,622630.9666666657,-607837.0566666672,0.23144975293882816,0.5400494235239324,Quartiles,ttest,NA,NA,NA,NA,NA,NA,NA
Q3 (Med-Late),Mycophenolate..HILIC.,37902890.83666665,12811900.41417206,-25090990.42249459,0.07828377571459551,0.3653242866681124,Quartiles,ttest,NA,NA,NA,NA,NA,NA,NA
Q3 (Med-Late),X11.Dehydrocorticosterone..HILIC.,46788.77999566111,23868.433333333327,-22920.346662327785,0.020767222784621914,0.2907411189847068,Quartiles,ttest,NA,NA,NA,NA,NA,NA,NA
Q3 (Med-Late),Prednisone..HILIC.,42166.62999999999,35835.39999999997,-6331.230000000018,0.46001391636941413,0.741748528442037,Quartiles,ttest,NA,NA,NA,NA,NA,NA,NA
Q3 (Med-Late),Cortisone..HILIC.,31429.794999999995,22382.749999999993,-9047.045000000002,0.6868945228537795,0.874229392722992,Quartiles,ttest,NA,NA,NA,NA,NA,NA,NA
Q3 (Med-Late),Tetrahydrocorticosterone..C18.,1077715.8567302122,1256684.8333333328,178968.97660312057,0.4907356140741663,0.741748528442037,Quartiles,ttest,NA,NA,NA,NA,NA,NA,NA
Q3 (Med-Late),Tetrahydrocortisone..C18.,82478.33666666664,75506.63333333333,-6971.703333333309,0.7882604108302045,0.9196371459685719,Quartiles,ttest,NA,NA,NA,NA,NA,NA,NA
Q3 (Med-Late),Prednisone..C18.,68854.20666475318,46195.6666666667,-22658.539998086475,0.05847523027604573,0.3653242866681124,Quartiles,ttest,NA,NA,NA,NA,NA,NA,NA
Q3 (Med-Late),Cortisone.acetate..HILIC.,58386.123331595234,48472.03333333335,-9914.089998261887,0.38942347522475806,0.741748528442037,Quartiles,ttest,NA,NA,NA,NA,NA,NA,NA
Q3 (Med-Late),Dexamethasone.acetate.anhydrous..C18.,52562.37,51180.8,-1381.5699999999997,0.909093588990719,0.9790238650669282,Quartiles,ttest,NA,NA,NA,NA,NA,NA,NA
Q3 (Med-Late),Fludrocortisone.acetate..HILIC.,30078.25333377818,25565.933333333352,-4512.320000444826,0.1481871200994978,0.4149239362785938,Quartiles,ttest,NA,NA,NA,NA,NA,NA,NA
Q3 (Med-Late),Fludrocortisone..C18.,62207.35333333333,67304.03333333333,5096.679999999993,0.5298203774585979,0.741748528442037,Quartiles,ttest,NA,NA,NA,NA,NA,NA,NA
Q3 (Med-Late),Hydrocortisone.sodium.succinate..HILIC.,35723.30666666668,35886.20000000002,162.8933333333407,0.9900134326379546,0.9900134326379546,Quartiles,ttest,NA,NA,NA,NA,NA,NA,NA
Q3 (Med-Late),Mycophenolic.acid.O.acyl.glucuronide..C18.,1242879.4100000001,517741.434265953,-725137.9757340471,0.13498336995289772,0.4149239362785938,Quartiles,ttest,NA,NA,NA,NA,NA,NA,NA
Q3 (Med-Late),Mycophenolate..C18.,NA,NA,NA,0.21036833938457355,0.7362891878460074,Quartiles,wilcoxon_log2,20.143144176881457,19.200023087427756,-0.943121089453701,NA,NA,NA,NA
Q3 (Med-Late),Mycophenolate..HILIC.,NA,NA,NA,0.14098869569180897,0.7362891878460074,Quartiles,wilcoxon_log2,24.600081268336773,22.71306841020983,-1.887012858126944,NA,NA,NA,NA
Q3 (Med-Late),X11.Dehydrocorticosterone..HILIC.,NA,NA,NA,0.14108838311494126,0.7362891878460074,Quartiles,wilcoxon_log2,15.380472930653884,14.618832890898267,-0.7616400397556173,NA,NA,NA,NA
Q3 (Med-Late),Prednisone..HILIC.,NA,NA,NA,1,1,Quartiles,wilcoxon_log2,15.15304402123709,15.105360234290044,-0.04768378694704545,NA,NA,NA,NA
Q3 (Med-Late),Cortisone..HILIC.,NA,NA,NA,0.49055710339213615,0.9811142067842723,Quartiles,wilcoxon_log2,14.685451891031132,12.570496373794063,-2.1149555172370693,NA,NA,NA,NA
Q3 (Med-Late),Tetrahydrocorticosterone..C18.,NA,NA,NA,0.3815982404692082,0.8903958944281526,Quartiles,wilcoxon_log2,20.010806327084055,20.084719650166136,0.0739133230820812,NA,NA,NA,NA
Q3 (Med-Late),Tetrahydrocortisone..C18.,NA,NA,NA,0.6385640323933744,0.9933218281674714,Quartiles,wilcoxon_log2,15.641722546694119,15.95980051013948,0.31807796344536143,NA,NA,NA,NA
Q3 (Med-Late),Prednisone..C18.,NA,NA,NA,0.8755844129240697,1,Quartiles,wilcoxon_log2,15.500231403251785,15.542306452815096,0.04207504956331043,NA,NA,NA,NA
Q3 (Med-Late),Cortisone.acetate..HILIC.,NA,NA,NA,0.5714809384164222,0.9933218281674714,Quartiles,wilcoxon_log2,15.654079711117866,15.70008206166017,0.04600235054230417,NA,NA,NA,NA
Q3 (Med-Late),Dexamethasone.acetate.anhydrous..C18.,NA,NA,NA,0.8365102639296185,1,Quartiles,wilcoxon_log2,15.641826128978897,15.88572022584002,0.24389409686112273,NA,NA,NA,NA
Q3 (Med-Late),Fludrocortisone.acetate..HILIC.,NA,NA,NA,1,1,Quartiles,wilcoxon_log2,14.605429547376101,14.573860227243717,-0.03156932013238389,NA,NA,NA,NA
Q3 (Med-Late),Fludrocortisone..C18.,NA,NA,NA,0.3815982404692082,0.8903958944281526,Quartiles,wilcoxon_log2,15.765219481864188,15.908765561215183,0.14354607935099573,NA,NA,NA,NA
Q3 (Med-Late),Hydrocortisone.sodium.succinate..HILIC.,NA,NA,NA,0.9296187683284454,1,Quartiles,wilcoxon_log2,14.773916452423162,15.488050401046475,0.7141339486233136,NA,NA,NA,NA
Q3 (Med-Late),Mycophenolic.acid.O.acyl.glucuronide..C18.,NA,NA,NA,0.21036833938457355,0.7362891878460074,Quartiles,wilcoxon_log2,20.12871944693757,18.704357253290134,-1.4243621936474362,NA,NA,NA,NA
Q3 (Med-Late),Mycophenolate..C18.,NA,NA,NA,0.21036833938457355,0.7362891878460074,Quartiles,wilcoxon_nonlog2,1157977.0500000003,602258.3999999999,-555718.6500000004,NA,NA,NA,NA
Q3 (Med-Late),Mycophenolate..HILIC.,NA,NA,NA,0.14098869569180897,0.7362891878460074,Quartiles,wilcoxon_nonlog2,25525677.349999987,6875667.792516193,-18650009.557483792,NA,NA,NA,NA
Q3 (Med-Late),X11.Dehydrocorticosterone..HILIC.,NA,NA,NA,0.14108838311494126,0.7362891878460074,Quartiles,wilcoxon_nonlog2,42658.999999999985,25159.79999999997,-17499.200000000015,NA,NA,NA,NA
Q3 (Med-Late),Prednisone..HILIC.,NA,NA,NA,1,1,Quartiles,wilcoxon_nonlog2,36440.85000000002,35250.59999999994,-1190.25000000008,NA,NA,NA,NA
Q3 (Med-Late),Cortisone..HILIC.,NA,NA,NA,0.49055710339213615,0.9811142067842723,Quartiles,wilcoxon_nonlog2,26350.200000000004,6082.699999999995,-20267.500000000007,NA,NA,NA,NA
Q3 (Med-Late),Tetrahydrocorticosterone..C18.,NA,NA,NA,0.3815982404692082,0.8903958944281526,Quartiles,wilcoxon_nonlog2,1056534.5499999998,1111995.5999999987,55461.04999999888,NA,NA,NA,NA
Q3 (Med-Late),Tetrahydrocortisone..C18.,NA,NA,NA,0.6385640323933744,0.9933218281674714,Quartiles,wilcoxon_nonlog2,51309.7,63735.099999999926,12425.399999999929,NA,NA,NA,NA
Q3 (Med-Late),Prednisone..C18.,NA,NA,NA,0.8755844129240697,1,Quartiles,wilcoxon_nonlog2,46440.05,47720.00000000008,1279.9500000000771,NA,NA,NA,NA
Q3 (Med-Late),Cortisone.acetate..HILIC.,NA,NA,NA,0.5714809384164222,0.9933218281674714,Quartiles,wilcoxon_nonlog2,51565.249999999956,53234.8,1669.5500000000466,NA,NA,NA,NA
Q3 (Med-Late),Dexamethasone.acetate.anhydrous..C18.,NA,NA,NA,0.8365102639296185,1,Quartiles,wilcoxon_nonlog2,51160.100000000006,60545.000000000015,9384.900000000009,NA,NA,NA,NA
Q3 (Med-Late),Fludrocortisone.acetate..HILIC.,NA,NA,NA,1,1,Quartiles,wilcoxon_nonlog2,24929.399999999994,24387.600000000002,-541.799999999992,NA,NA,NA,NA
Q3 (Med-Late),Fludrocortisone..C18.,NA,NA,NA,0.3815982404692082,0.8903958944281526,Quartiles,wilcoxon_nonlog2,55693.500000000044,61519.89999999996,5826.399999999914,NA,NA,NA,NA
Q3 (Med-Late),Hydrocortisone.sodium.succinate..HILIC.,NA,NA,NA,0.9296187683284454,1,Quartiles,wilcoxon_nonlog2,28043.999999999985,45958.70000000003,17914.700000000048,NA,NA,NA,NA
Q3 (Med-Late),Mycophenolic.acid.O.acyl.glucuronide..C18.,NA,NA,NA,0.21036833938457355,0.7362891878460074,Quartiles,wilcoxon_nonlog2,1146755.600000001,427142.30000000005,-719613.300000001,NA,NA,NA,NA
Q4 (Latest),Mycophenolate..C18.,1172803.325,916339.7250000006,-256463.5999999994,0.15614772279591052,0.6574017292232583,Quartiles,ttest,NA,NA,NA,NA,NA,NA,NA
Q4 (Latest),Mycophenolate..HILIC.,35829325.64215454,21593266.371015295,-14236059.271139242,0.224183575160371,0.6574017292232583,Quartiles,ttest,NA,NA,NA,NA,NA,NA,NA
Q4 (Latest),X11.Dehydrocorticosterone..HILIC.,43587.30535714285,55909.21250000003,12321.907142857177,0.6341058310311558,0.9863868482706868,Quartiles,ttest,NA,NA,NA,NA,NA,NA,NA
Q4 (Latest),Prednisone..HILIC.,43448.16785714286,66069.09999999995,22620.93214285709,0.1636044725545316,0.6574017292232583,Quartiles,ttest,NA,NA,NA,NA,NA,NA,NA
Q4 (Latest),Cortisone..HILIC.,32954.582142857136,46199.25001265207,13244.667869794932,0.4919608399412433,0.9566065128840331,Quartiles,ttest,NA,NA,NA,NA,NA,NA,NA
Q4 (Latest),Tetrahydrocorticosterone..C18.,1115556.4998797367,1167222.3996611382,51665.8997814015,0.4086995980801267,0.9536323955202957,Quartiles,ttest,NA,NA,NA,NA,NA,NA,NA
Q4 (Latest),Tetrahydrocortisone..C18.,72576.72142854691,74536.37499999996,1959.6535714530473,0.912537454338771,0.9872505978563587,Quartiles,ttest,NA,NA,NA,NA,NA,NA,NA
Q4 (Latest),Prednisone..C18.,94418.89642173046,68686.63750000003,-25732.258921730434,0.5466322930765903,0.9566065128840331,Quartiles,ttest,NA,NA,NA,NA,NA,NA,NA
Q4 (Latest),Cortisone.acetate..HILIC.,49886.9392862508,49708.82499999998,-178.11428625082044,0.9774810538881069,0.9872505978563587,Quartiles,ttest,NA,NA,NA,NA,NA,NA,NA
Q4 (Latest),Dexamethasone.acetate.anhydrous..C18.,50648.84642817236,51268.475000062725,619.6285718903673,0.9872505978563587,0.9872505978563587,Quartiles,ttest,NA,NA,NA,NA,NA,NA,NA
Q4 (Latest),Fludrocortisone.acetate..HILIC.,25412.746428494836,14180.224999999995,-11232.521428494842,0.23478633186544942,0.6574017292232583,Quartiles,ttest,NA,NA,NA,NA,NA,NA,NA
Q4 (Latest),Fludrocortisone..C18.,57870.07857142857,59609.225,1739.146428571432,0.8916382651582935,0.9872505978563587,Quartiles,ttest,NA,NA,NA,NA,NA,NA,NA
Q4 (Latest),Hydrocortisone.sodium.succinate..HILIC.,35961.4,25524.35,-10437.050000000003,0.03168872120602626,0.4436420968843677,Quartiles,ttest,NA,NA,NA,NA,NA,NA,NA
Q4 (Latest),Mycophenolic.acid.O.acyl.glucuronide..C18.,1105970.9823100483,1089641.124432251,-16329.857877797214,0.8345456805501745,0.9872505978563587,Quartiles,ttest,NA,NA,NA,NA,NA,NA,NA
Q4 (Latest),Mycophenolate..C18.,NA,NA,NA,0.27858731924360397,0.657499073044123,Quartiles,wilcoxon_log2,20.03620880265696,19.684358141689323,-0.3518506609676386,NA,NA,NA,NA
Q4 (Latest),Mycophenolate..HILIC.,NA,NA,NA,0.5122531379804476,0.657499073044123,Quartiles,wilcoxon_log2,24.568539673743402,23.89741945156239,-0.6711202221810133,NA,NA,NA,NA
Q4 (Latest),X11.Dehydrocorticosterone..HILIC.,NA,NA,NA,0.45535779137535437,0.657499073044123,Quartiles,wilcoxon_log2,14.563847079831952,15.871560417103328,1.3077133372713767,NA,NA,NA,NA
Q4 (Latest),Prednisone..HILIC.,NA,NA,NA,0.07185761957730813,0.657499073044123,Quartiles,wilcoxon_log2,15.203320308019874,15.784451276923015,0.5811309689031408,NA,NA,NA,NA
Q4 (Latest),Cortisone..HILIC.,NA,NA,NA,0.49115684093437145,0.657499073044123,Quartiles,wilcoxon_log2,14.89261625122649,14.885427780757759,-0.0071884704687317225,NA,NA,NA,NA
Q4 (Latest),Tetrahydrocorticosterone..C18.,NA,NA,NA,0.5635706340378197,0.657499073044123,Quartiles,wilcoxon_log2,20.052898095741305,20.140913631839275,0.08801553609796997,NA,NA,NA,NA
Q4 (Latest),Tetrahydrocortisone..C18.,NA,NA,NA,0.4417126287043327,0.657499073044123,Quartiles,wilcoxon_log2,15.874607862968144,16.09888148962852,0.2242736266603771,NA,NA,NA,NA
Q4 (Latest),Prednisone..C18.,NA,NA,NA,0.5268631813125695,0.657499073044123,Quartiles,wilcoxon_log2,15.98707524611294,15.624331371427573,-0.36274387468536773,NA,NA,NA,NA
Q4 (Latest),Cortisone.acetate..HILIC.,NA,NA,NA,0.8047274749721912,0.8666295884315905,Quartiles,wilcoxon_log2,15.530113004769142,15.581087747038932,0.050974742269790596,NA,NA,NA,NA
Q4 (Latest),Dexamethasone.acetate.anhydrous..C18.,NA,NA,NA,0.5304243567080777,0.657499073044123,Quartiles,wilcoxon_log2,15.488323811139617,14.522709485691523,-0.9656143254480938,NA,NA,NA,NA
Q4 (Latest),Fludrocortisone.acetate..HILIC.,NA,NA,NA,0.20850945494994438,0.657499073044123,Quartiles,wilcoxon_log2,14.646666123917399,12.735594194039408,-1.9110719298779912,NA,NA,NA,NA
Q4 (Latest),Fludrocortisone..C18.,NA,NA,NA,0.978031145717464,0.978031145717464,Quartiles,wilcoxon_log2,15.740659172168208,15.623062933579723,-0.11759623858848478,NA,NA,NA,NA
Q4 (Latest),Hydrocortisone.sodium.succinate..HILIC.,NA,NA,NA,0.49115684093437145,0.657499073044123,Quartiles,wilcoxon_log2,14.798146253310016,14.595470279362075,-0.20267597394794024,NA,NA,NA,NA
Q4 (Latest),Mycophenolic.acid.O.acyl.glucuronide..C18.,NA,NA,NA,0.27858731924360397,0.657499073044123,Quartiles,wilcoxon_log2,20.17500393067306,20.053230752976674,-0.12177317769638663,NA,NA,NA,NA
Q4 (Latest),Mycophenolate..C18.,NA,NA,NA,0.27858731924360397,0.657499073044123,Quartiles,wilcoxon_nonlog2,1075416.5,842943.8500000009,-232472.6499999991,NA,NA,NA,NA
Q4 (Latest),Mycophenolate..HILIC.,NA,NA,NA,0.5122531379804476,0.657499073044123,Quartiles,wilcoxon_nonlog2,24896783.540163577,20423822.692030586,-4472960.84813299,NA,NA,NA,NA
Q4 (Latest),X11.Dehydrocorticosterone..HILIC.,NA,NA,NA,0.45535779137535437,0.657499073044123,Quartiles,wilcoxon_nonlog2,24860.75,62186.250000000044,37325.500000000044,NA,NA,NA,NA
Q4 (Latest),Prednisone..HILIC.,NA,NA,NA,0.07185761957730813,0.657499073044123,Quartiles,wilcoxon_nonlog2,37727.35000000002,56641.84999999993,18914.499999999913,NA,NA,NA,NA
Q4 (Latest),Cortisone..HILIC.,NA,NA,NA,0.49115684093437145,0.657499073044123,Quartiles,wilcoxon_nonlog2,30417.550000000017,30309.800025304125,-107.74997469589289,NA,NA,NA,NA
Q4 (Latest),Tetrahydrocorticosterone..C18.,NA,NA,NA,0.5635706340378197,0.657499073044123,Quartiles,wilcoxon_nonlog2,1087910.3499999992,1156879.1487981244,68968.79879812524,NA,NA,NA,NA
Q4 (Latest),Tetrahydrocortisone..C18.,NA,NA,NA,0.4417126287043327,0.657499073044123,Quartiles,wilcoxon_nonlog2,60082.15000000005,70194.34999999995,10112.199999999895,NA,NA,NA,NA
Q4 (Latest),Prednisone..C18.,NA,NA,NA,0.5268631813125695,0.657499073044123,Quartiles,wilcoxon_nonlog2,65185.94990422651,51268.450000000004,-13917.499904226504,NA,NA,NA,NA
Q4 (Latest),Cortisone.acetate..HILIC.,NA,NA,NA,0.8047274749721912,0.8666295884315905,Quartiles,wilcoxon_nonlog2,47321.05,49027.09999999995,1706.0499999999447,NA,NA,NA,NA
Q4 (Latest),Dexamethasone.acetate.anhydrous..C18.,NA,NA,NA,0.5304243567080777,0.657499073044123,Quartiles,wilcoxon_nonlog2,45968.05000000005,24724.899999999994,-21243.150000000052,NA,NA,NA,NA
Q4 (Latest),Fludrocortisone.acetate..HILIC.,NA,NA,NA,0.20850945494994438,0.657499073044123,Quartiles,wilcoxon_nonlog2,25651.750000000004,13975.149999999992,-11676.600000000011,NA,NA,NA,NA
Q4 (Latest),Fludrocortisone..C18.,NA,NA,NA,0.978031145717464,0.978031145717464,Quartiles,wilcoxon_nonlog2,54764.44999999994,50769.25,-3995.199999999939,NA,NA,NA,NA
Q4 (Latest),Hydrocortisone.sodium.succinate..HILIC.,NA,NA,NA,0.49115684093437145,0.657499073044123,Quartiles,wilcoxon_nonlog2,28490.70000000001,24769.950000000008,-3720.7500000000036,NA,NA,NA,NA
Q4 (Latest),Mycophenolic.acid.O.acyl.glucuronide..C18.,NA,NA,NA,0.27858731924360397,0.657499073044123,Quartiles,wilcoxon_nonlog2,1183911.9500000004,1090736.498864501,-93175.4511354994,NA,NA,NA,NA
Q4 (Latest),Mycophenolate..C18.,NA,NA,NA,0.31648351648351647,0.8861538461538461,Quartiles,patient_level,NA,NA,-297137.4249999997,1140324.8250000004,843187.4000000007,12,4
Q4 (Latest),Mycophenolate..HILIC.,NA,NA,NA,0.07802197802197802,0.5461538461538462,Quartiles,patient_level,NA,NA,-14904812.112500012,25962099.312500004,11057287.199999992,12,4
Q4 (Latest),X11.Dehydrocorticosterone..HILIC.,NA,NA,NA,0.8552381466113881,1,Quartiles,patient_level,NA,NA,-468.83750000000873,25408.70000000002,24939.86250000001,12,4
Q4 (Latest),Prednisone..HILIC.,NA,NA,NA,0.9527472527472529,1,Quartiles,patient_level,NA,NA,1363.8999999999724,43474.399999999994,44838.29999999997,12,4
Q4 (Latest),Cortisone..HILIC.,NA,NA,NA,0.21208791208791208,0.8861538461538461,Quartiles,patient_level,NA,NA,6195.125025304147,27921.07499999998,34116.200025304126,12,4
Q4 (Latest),Tetrahydrocorticosterone..C18.,NA,NA,NA,0.8615384615384615,1,Quartiles,patient_level,NA,NA,655.149060200667,1108613.2500000002,1109268.399060201,12,4
Q4 (Latest),Tetrahydrocortisone..C18.,NA,NA,NA,0.4461538461538461,1,Quartiles,patient_level,NA,NA,-22460.600000000042,64679.65000000004,42219.049999999996,12,4
Q4 (Latest),Prednisone..C18.,NA,NA,NA,0.31648351648351647,0.8861538461538461,Quartiles,patient_level,NA,NA,-33910.525095773504,88291.32500000001,54380.79990422651,12,4
Q4 (Latest),Cortisone.acetate..HILIC.,NA,NA,NA,0.8615384615384615,1,Quartiles,patient_level,NA,NA,-967.1500000000087,51469.200000000026,50502.05000000002,12,4
Q4 (Latest),Dexamethasone.acetate.anhydrous..C18.,NA,NA,NA,0.03910594620994303,0.5461538461538462,Quartiles,patient_level,NA,NA,-34343.100000000006,54865.250000000015,20522.150000000005,12,4
Q4 (Latest),Fludrocortisone.acetate..HILIC.,NA,NA,NA,0.6835164835164834,1,Quartiles,patient_level,NA,NA,-6058.849979395451,26148.07497939544,20089.224999999988,12,4
Q4 (Latest),Fludrocortisone..C18.,NA,NA,NA,1,1,Quartiles,patient_level,NA,NA,-1910.4749999999913,53569.225000000006,51658.750000000015,12,4
Q4 (Latest),Hydrocortisone.sodium.succinate..HILIC.,NA,NA,NA,0.6835164835164834,1,Quartiles,patient_level,NA,NA,-1191.4999999999927,27646.399999999994,26454.9,12,4
Q4 (Latest),Mycophenolic.acid.O.acyl.glucuronide..C18.,NA,NA,NA,0.7703296703296703,1,Quartiles,patient_level,NA,NA,27650.224999999395,1140531.7750000004,1168181.9999999998,12,4
Below Median,Mycophenolate..C18.,1153280.9115549955,1076589.5666666667,-76691.34488832881,0.6896803363230346,0.9800381959363056,Median,ttest,NA,NA,NA,NA,NA,NA,NA
Below Median,Mycophenolate..HILIC.,38969403.25565558,39168516.82333334,199113.56767775863,0.9800381959363056,0.9800381959363056,Median,ttest,NA,NA,NA,NA,NA,NA,NA
Below Median,X11.Dehydrocorticosterone..HILIC.,56559.44244998694,40793.016666666656,-15766.425783320286,0.14712021614279355,0.9800381959363056,Median,ttest,NA,NA,NA,NA,NA,NA,NA
Below Median,Prednisone..HILIC.,48518.99811196315,47920.773333333345,-598.224778629803,0.9151924410546501,0.9800381959363056,Median,ttest,NA,NA,NA,NA,NA,NA,NA
Below Median,Cortisone..HILIC.,41341.334909343066,38429.62999237349,-2911.7049169695747,0.7048149704439526,0.9800381959363056,Median,ttest,NA,NA,NA,NA,NA,NA,NA
Below Median,Tetrahydrocorticosterone..C18.,1098298.4340175414,1091827.8933333328,-6470.540684208507,0.9350111249532147,0.9800381959363056,Median,ttest,NA,NA,NA,NA,NA,NA,NA
Below Median,Tetrahydrocortisone..C18.,80272.7792510957,88284.28,8011.5007489043055,0.6144262996210614,0.9800381959363056,Median,ttest,NA,NA,NA,NA,NA,NA,NA
Below Median,Prednisone..C18.,92319.49338654566,137239.91334425908,44920.41995771343,0.4584835586644077,0.9800381959363056,Median,ttest,NA,NA,NA,NA,NA,NA,NA
Below Median,Cortisone.acetate..HILIC.,57468.23019143364,47847.219999999994,-9621.010191433648,0.037900595315396024,0.5306083344155443,Median,ttest,NA,NA,NA,NA,NA,NA,NA
Below Median,Dexamethasone.acetate.anhydrous..C18.,54159.99433962738,56140.03999999999,1980.0456603726125,0.8505185016553058,0.9800381959363056,Median,ttest,NA,NA,NA,NA,NA,NA,NA
Below Median,Fludrocortisone.acetate..HILIC.,28843.41509203564,29557.406666666673,713.9915746310326,0.8162165241525049,0.9800381959363056,Median,ttest,NA,NA,NA,NA,NA,NA,NA
Below Median,Fludrocortisone..C18.,60655.73774084595,52974.920000000006,-7680.817740845945,0.2444933301471765,0.9800381959363056,Median,ttest,NA,NA,NA,NA,NA,NA,NA
Below Median,Hydrocortisone.sodium.succinate..HILIC.,35888.019809731224,42705.919995625256,6817.900185894032,0.5236394629600454,0.9800381959363056,Median,ttest,NA,NA,NA,NA,NA,NA,NA
Below Median,Mycophenolic.acid.O.acyl.glucuronide..C18.,1293693.590435853,1173577.406666666,-120116.18376918696,0.6229762730676665,0.9800381959363056,Median,ttest,NA,NA,NA,NA,NA,NA,NA
Below Median,Mycophenolate..C18.,NA,NA,NA,1,1,Median,wilcoxon_log2,19.97985512424635,19.962854078492736,-0.017001045753612942,NA,NA,NA,NA
Below Median,Mycophenolate..HILIC.,NA,NA,NA,0.39095813723718,0.814859166833029,Median,wilcoxon_log2,24.71539829603646,25.264321000327644,0.5489227042911828,NA,NA,NA,NA
Below Median,X11.Dehydrocorticosterone..HILIC.,NA,NA,NA,0.18071657147528322,0.814859166833029,Median,wilcoxon_log2,15.588287179712333,15.134394271562641,-0.4538929081496921,NA,NA,NA,NA
Below Median,Prednisone..HILIC.,NA,NA,NA,0.8824178342234441,1,Median,wilcoxon_log2,15.476144987388256,15.417578984613739,-0.0585660027745174,NA,NA,NA,NA
Below Median,Cortisone..HILIC.,NA,NA,NA,1,1,Median,wilcoxon_log2,15.088022183223943,14.994702620502354,-0.09331956272158948,NA,NA,NA,NA
Below Median,Tetrahydrocorticosterone..C18.,NA,NA,NA,0.7786956133822276,1,Median,wilcoxon_log2,20.028852499172274,20.072070176196416,0.04321767702414192,NA,NA,NA,NA
Below Median,Tetrahydrocortisone..C18.,NA,NA,NA,0.37484781440893206,0.814859166833029,Median,wilcoxon_log2,16.153765779990838,16.31917464476318,0.16540886477234196,NA,NA,NA,NA
Below Median,Prednisone..C18.,NA,NA,NA,0.4074295834165145,0.814859166833029,Median,wilcoxon_log2,15.82844398135159,16.42244919593811,0.5940052145865202,NA,NA,NA,NA
Below Median,Cortisone.acetate..HILIC.,NA,NA,NA,0.04916765507365827,0.6883471710312158,Median,wilcoxon_log2,15.742306830513764,15.53024479912948,-0.21206203138428315,NA,NA,NA,NA
Below Median,Dexamethasone.acetate.anhydrous..C18.,NA,NA,NA,1,1,Median,wilcoxon_log2,15.641470418241104,15.207963789539354,-0.4335066287017497,NA,NA,NA,NA
Below Median,Fludrocortisone.acetate..HILIC.,NA,NA,NA,0.390976222228629,0.814859166833029,Median,wilcoxon_log2,14.661098947324188,14.864592474265704,0.20349352694151612,NA,NA,NA,NA
Below Median,Fludrocortisone..C18.,NA,NA,NA,0.18805543465054136,0.814859166833029,Median,wilcoxon_log2,15.738248013497333,15.581088779321496,-0.15715923417583788,NA,NA,NA,NA
Below Median,Hydrocortisone.sodium.succinate..HILIC.,NA,NA,NA,0.8941029108692156,1,Median,wilcoxon_log2,14.95635351285878,14.888738540728358,-0.06761497213042134,NA,NA,NA,NA
Below Median,Mycophenolic.acid.O.acyl.glucuronide..C18.,NA,NA,NA,0.5740751317789723,1,Median,wilcoxon_log2,19.85912131509288,20.180351363757556,0.321230048664674,NA,NA,NA,NA
Below Median,Mycophenolate..C18.,NA,NA,NA,1,1,Median,wilcoxon_nonlog2,1034036.099999999,1021922.3000000003,-12113.799999998766,NA,NA,NA,NA
Below Median,Mycophenolate..HILIC.,NA,NA,NA,0.39095813723718,0.814859166833029,Median,wilcoxon_nonlog2,27547122.6,40301242.99999998,12754120.399999976,NA,NA,NA,NA
Below Median,X11.Dehydrocorticosterone..HILIC.,NA,NA,NA,0.18071657147528322,0.814859166833029,Median,wilcoxon_nonlog2,49265.39999999998,35967.199999999975,-13298.200000000004,NA,NA,NA,NA
Below Median,Prednisone..HILIC.,NA,NA,NA,0.8824178342234441,1,Median,wilcoxon_nonlog2,45580.99999999999,43767.70000000004,-1813.299999999952,NA,NA,NA,NA
Below Median,Cortisone..HILIC.,NA,NA,NA,1,1,Median,wilcoxon_nonlog2,34829.499999999985,32647.899999999983,-2181.600000000002,NA,NA,NA,NA
Below Median,Tetrahydrocorticosterone..C18.,NA,NA,NA,0.7786956133822276,1,Median,wilcoxon_nonlog2,1069757.5999999992,1102288.3000000005,32530.70000000135,NA,NA,NA,NA
Below Median,Tetrahydrocortisone..C18.,NA,NA,NA,0.37484781440893206,0.814859166833029,Median,wilcoxon_nonlog2,72906.80000000002,81763.80000000008,8857.000000000058,NA,NA,NA,NA
Below Median,Prednisone..C18.,NA,NA,NA,0.4074295834165145,0.814859166833029,Median,wilcoxon_nonlog2,58188.40000000003,87831.40000000001,29642.999999999978,NA,NA,NA,NA
Below Median,Cortisone.acetate..HILIC.,NA,NA,NA,0.04916765507365827,0.6883471710312158,Median,wilcoxon_nonlog2,54815.900000000016,47322.699999999924,-7493.200000000092,NA,NA,NA,NA
Below Median,Dexamethasone.acetate.anhydrous..C18.,NA,NA,NA,1,1,Median,wilcoxon_nonlog2,51115.40000000003,37848.9,-13266.50000000003,NA,NA,NA,NA
Below Median,Fludrocortisone.acetate..HILIC.,NA,NA,NA,0.390976222228629,0.814859166833029,Median,wilcoxon_nonlog2,25907.800000000003,29832.399999999994,3924.5999999999913,NA,NA,NA,NA
Below Median,Fludrocortisone..C18.,NA,NA,NA,0.18805543465054136,0.814859166833029,Median,wilcoxon_nonlog2,54661.90000000001,49020.20000000001,-5641.699999999997,NA,NA,NA,NA
Below Median,Hydrocortisone.sodium.succinate..HILIC.,NA,NA,NA,0.8941029108692156,1,Median,wilcoxon_nonlog2,31791.50000000001,30335.89999999999,-1455.6000000000204,NA,NA,NA,NA
Below Median,Mycophenolic.acid.O.acyl.glucuronide..C18.,NA,NA,NA,0.5740751317789723,1,Median,wilcoxon_nonlog2,951023.4,1188204.200000001,237180.80000000086,NA,NA,NA,NA
Below Median,Mycophenolate..C18.,NA,NA,NA,0.5052287581699346,0.6430184194890077,Median,patient_level,NA,NA,94451.87500000128,904509.3499999996,998961.2250000009,4,14
Below Median,Mycophenolate..HILIC.,NA,NA,NA,0.046405228758169936,0.32483660130718955,Median,patient_level,NA,NA,15295629.65000002,20532629.250000007,35828258.90000003,4,14
Below Median,X11.Dehydrocorticosterone..HILIC.,NA,NA,NA,0.6450980392156862,0.6947209653092005,Median,patient_level,NA,NA,4535.649999999958,42190.30000000003,46725.94999999999,4,14
Below Median,Prednisone..HILIC.,NA,NA,NA,0.38169934640522873,0.6430184194890077,Median,patient_level,NA,NA,-1548.950000000019,46719.45000000002,45170.5,4,14
Below Median,Cortisone..HILIC.,NA,NA,NA,0.2771241830065359,0.6430184194890077,Median,patient_level,NA,NA,-14783.37500000003,47226.62500000001,32443.249999999978,4,14
Below Median,Tetrahydrocorticosterone..C18.,NA,NA,NA,0.6450980392156862,0.6947209653092005,Median,patient_level,NA,NA,44096.07574695791,1051226.1249999977,1095322.2007469556,4,14
Below Median,Tetrahydrocortisone..C18.,NA,NA,NA,0.3274509803921568,0.6430184194890077,Median,patient_level,NA,NA,-10825.699912725322,75850.69999999998,65025.00008727466,4,14
Below Median,Prednisone..C18.,NA,NA,NA,0.5052287581699346,0.6430184194890077,Median,patient_level,NA,NA,-21200.925000000017,78722.12500000004,57521.200000000026,4,14
Below Median,Cortisone.acetate..HILIC.,NA,NA,NA,0.4418300653594771,0.6430184194890077,Median,patient_level,NA,NA,-5662.475000000028,57383.22500000002,51720.74999999999,4,14
Below Median,Dexamethasone.acetate.anhydrous..C18.,NA,NA,NA,0.011764705882352941,0.16470588235294117,Median,patient_level,NA,NA,-26333.500000000036,72467.75000000006,46134.25000000002,4,14
Below Median,Fludrocortisone.acetate..HILIC.,NA,NA,NA,0.3274509803921568,0.6430184194890077,Median,patient_level,NA,NA,6095.10000000002,22817.14999999998,28912.25,4,14
Below Median,Fludrocortisone..C18.,NA,NA,NA,0.38169934640522873,0.6430184194890077,Median,patient_level,NA,NA,-6164.399999999994,55999.850000000006,49835.45000000001,4,14
Below Median,Hydrocortisone.sodium.succinate..HILIC.,NA,NA,NA,0.9588235294117649,0.9588235294117649,Median,patient_level,NA,NA,-939.1000000000276,30083.60000000002,29144.499999999993,4,14
Below Median,Mycophenolic.acid.O.acyl.glucuronide..C18.,NA,NA,NA,0.15751633986928104,0.6430184194890077,Median,patient_level,NA,NA,-515544.80000000075,1575307.6,1059762.7999999993,4,14
Above Median,Mycophenolate..C18.,1202629.893103448,790464.5428571427,-412165.3502463052,0.05109764241799886,0.35768349692599205,Median,ttest,NA,NA,NA,NA,NA,NA,NA
Above Median,Mycophenolate..HILIC.,36901859.36345391,17829823.81808248,-19072035.545371428,0.0222652557509529,0.31171358051334064,Median,ttest,NA,NA,NA,NA,NA,NA,NA
Above Median,X11.Dehydrocorticosterone..HILIC.,45243.24051499713,42177.45000000002,-3065.790514997112,0.840359877726954,0.9100253622484163,Median,ttest,NA,NA,NA,NA,NA,NA,NA
Above Median,Prednisone..HILIC.,42785.30344827586,53111.79999999996,10326.4965517241,0.32724425568703636,0.5293753091916582,Median,ttest,NA,NA,NA,NA,NA,NA,NA
Above Median,Cortisone..HILIC.,32165.89913793103,35992.17857865832,3826.2794407272922,0.7745017994750364,0.9100253622484163,Median,ttest,NA,NA,NA,NA,NA,NA,NA
Above Median,Tetrahydrocorticosterone..C18.,1095983.7534230861,1205563.4426635073,109579.68924042117,0.2631128250922741,0.5293753091916582,Median,ttest,NA,NA,NA,NA,NA,NA,NA
Above Median,Tetrahydrocortisone..C18.,77698.24655171229,74952.19999999997,-2746.046551712323,0.8450235506592438,0.9100253622484163,Median,ttest,NA,NA,NA,NA,NA,NA,NA
Above Median,Prednisone..C18.,81195.78103019048,59047.65000000003,-22148.131030190452,0.340312698766066,0.5293753091916582,Median,ttest,NA,NA,NA,NA,NA,NA,NA
Above Median,Cortisone.acetate..HILIC.,54283.06896487723,49178.771428571425,-5104.297536305807,0.33389156160407685,0.5293753091916582,Median,ttest,NA,NA,NA,NA,NA,NA,NA
Above Median,Dexamethasone.acetate.anhydrous..C18.,51638.599999807346,51230.90000003585,-407.69999977149564,0.984098929848356,0.984098929848356,Median,ttest,NA,NA,NA,NA,NA,NA,NA
Above Median,Fludrocortisone.acetate..HILIC.,27825.93965536553,19059.814285714292,-8766.12536965124,0.11787651657726365,0.42434074238990827,Median,ttest,NA,NA,NA,NA,NA,NA,NA
Above Median,Fludrocortisone..C18.,60113.496551724136,62907,2793.503448275864,0.7096853423767016,0.9100253622484163,Median,ttest,NA,NA,NA,NA,NA,NA,NA
Above Median,Hydrocortisone.sodium.succinate..HILIC.,35838.248275862075,29965.142857142862,-5873.105418719213,0.3219501273190619,0.5293753091916582,Median,ttest,NA,NA,NA,NA,NA,NA,NA
Above Median,Mycophenolic.acid.O.acyl.glucuronide..C18.,1176785.6862876096,844541.2572181233,-332244.42906948633,0.12124021211140236,0.42434074238990827,Median,ttest,NA,NA,NA,NA,NA,NA,NA
Above Median,Mycophenolate..C18.,NA,NA,NA,0.09046035513769149,0.6040320211186802,Median,wilcoxon_log2,20.097951084552008,19.638810802862608,-0.45914028168940035,NA,NA,NA,NA
Above Median,Mycophenolate..HILIC.,NA,NA,NA,0.1356353338185617,0.6040320211186802,Median,wilcoxon_log2,24.568539673743402,22.793928860198392,-1.77461081354501,NA,NA,NA,NA
Above Median,X11.Dehydrocorticosterone..HILIC.,NA,NA,NA,0.9830859516929095,0.9830859516929095,Median,wilcoxon_log2,15.177052350918633,14.985250518911252,-0.1918018320073802,NA,NA,NA,NA
Above Median,Prednisone..HILIC.,NA,NA,NA,0.20798125186657992,0.6040320211186802,Median,wilcoxon_log2,15.189481881880214,15.571868193108875,0.38238631122866096,NA,NA,NA,NA
Above Median,Cortisone..HILIC.,NA,NA,NA,0.8323858686563965,0.8964155508607347,Median,wilcoxon_log2,14.733465039425305,14.808144736335148,0.07467969690984333,NA,NA,NA,NA
Above Median,Tetrahydrocorticosterone..C18.,NA,NA,NA,0.21572572182810007,0.6040320211186802,Median,wilcoxon_log2,20.027552861929564,20.090144731292522,0.06259186936295791,NA,NA,NA,NA
Above Median,Tetrahydrocortisone..C18.,NA,NA,NA,0.37977181677765237,0.7595436335553047,Median,wilcoxon_log2,15.848232822246036,16.075725671001262,0.2274928487552259,NA,NA,NA,NA
Above Median,Prednisone..C18.,NA,NA,NA,0.5186241958740256,0.8067771798506147,Median,wilcoxon_log2,15.811078738370693,15.542306452815096,-0.2687722855555972,NA,NA,NA,NA
Above Median,Cortisone.acetate..HILIC.,NA,NA,NA,0.7429039574914543,0.8667212837400301,Median,wilcoxon_log2,15.569791044485777,15.605355111502847,0.035564067017070045,NA,NA,NA,NA
Above Median,Dexamethasone.acetate.anhydrous..C18.,NA,NA,NA,0.6567176544162096,0.835822469256994,Median,wilcoxon_log2,15.548864548263188,14.9789428318962,-0.5699217163669879,NA,NA,NA,NA
Above Median,Fludrocortisone.acetate..HILIC.,NA,NA,NA,0.30472453199017124,0.7110239079770663,Median,wilcoxon_log2,14.627127452031875,14.573860227243717,-0.05326722478815782,NA,NA,NA,NA
Above Median,Fludrocortisone..C18.,NA,NA,NA,0.5186424727611094,0.8067771798506147,Median,wilcoxon_log2,15.765219481864188,15.893965102334993,0.12874562047080573,NA,NA,NA,NA
Above Median,Hydrocortisone.sodium.succinate..HILIC.,NA,NA,NA,0.6339682103615031,0.835822469256994,Median,wilcoxon_log2,14.798146253310016,14.644504186245058,-0.15364206706495764,NA,NA,NA,NA
Above Median,Mycophenolic.acid.O.acyl.glucuronide..C18.,NA,NA,NA,0.10545592020143738,0.6040320211186802,Median,wilcoxon_log2,20.159448568891367,19.950698271423693,-0.20875029746767382,NA,NA,NA,NA
Above Median,Mycophenolate..C18.,NA,NA,NA,0.09046035513769149,0.6040320211186802,Median,wilcoxon_nonlog2,1122258.5499999998,816340.1000000008,-305918.449999999,NA,NA,NA,NA
Above Median,Mycophenolate..HILIC.,NA,NA,NA,0.1356353338185617,0.6040320211186802,Median,wilcoxon_nonlog2,24896783.540163577,7272040.784061144,-17624742.75610243,NA,NA,NA,NA
Above Median,X11.Dehydrocorticosterone..HILIC.,NA,NA,NA,0.9830859516929095,0.9830859516929095,Median,wilcoxon_nonlog2,37046.59999999998,32434.700000000015,-4611.899999999961,NA,NA,NA,NA
Above Median,Prednisone..HILIC.,NA,NA,NA,0.20798125186657992,0.6040320211186802,Median,wilcoxon_nonlog2,37368.200000000026,48707.9,11339.699999999975,NA,NA,NA,NA
Above Median,Cortisone..HILIC.,NA,NA,NA,0.8323858686563965,0.8964155508607347,Median,wilcoxon_nonlog2,27242.85000000001,28687.699999999997,1444.8499999999876,NA,NA,NA,NA
Above Median,Tetrahydrocorticosterone..C18.,NA,NA,NA,0.21572572182810007,0.6040320211186802,Median,wilcoxon_nonlog2,1068794.4,1116184.9975962506,47390.59759625071,NA,NA,NA,NA
Above Median,Tetrahydrocortisone..C18.,NA,NA,NA,0.37977181677765237,0.7595436335553047,Median,wilcoxon_nonlog2,58995.44999999998,69067.79999999994,10072.349999999962,NA,NA,NA,NA
Above Median,Prednisone..C18.,NA,NA,NA,0.5186241958740256,0.8067771798506147,Median,wilcoxon_nonlog2,57507.99999999997,47720.00000000008,-9787.99999999989,NA,NA,NA,NA
Above Median,Cortisone.acetate..HILIC.,NA,NA,NA,0.7429039574914543,0.8667212837400301,Median,wilcoxon_nonlog2,48641.84999999999,49851.699999999924,1209.849999999933,NA,NA,NA,NA
Above Median,Dexamethasone.acetate.anhydrous..C18.,NA,NA,NA,0.6567176544162096,0.835822469256994,Median,wilcoxon_nonlog2,47939.54999999996,32293.19999999999,-15646.34999999997,NA,NA,NA,NA
Above Median,Fludrocortisone.acetate..HILIC.,NA,NA,NA,0.30472453199017124,0.7110239079770663,Median,wilcoxon_nonlog2,25304.899999999994,24387.600000000002,-917.299999999992,NA,NA,NA,NA
Above Median,Fludrocortisone..C18.,NA,NA,NA,0.5186424727611094,0.8067771798506147,Median,wilcoxon_nonlog2,55693.500000000044,60892.000000000044,5198.5,NA,NA,NA,NA
Above Median,Hydrocortisone.sodium.succinate..HILIC.,NA,NA,NA,0.6339682103615031,0.835822469256994,Median,wilcoxon_nonlog2,28490.70000000001,25611.500000000004,-2879.200000000008,NA,NA,NA,NA
Above Median,Mycophenolic.acid.O.acyl.glucuronide..C18.,NA,NA,NA,0.10545592020143738,0.6040320211186802,Median,wilcoxon_nonlog2,1171116.3000000003,1013347.9977290021,-157768.30227099813,NA,NA,NA,NA
Above Median,Mycophenolate..C18.,NA,NA,NA,0.13025210084033614,0.607843137254902,Median,patient_level,NA,NA,-337703.525,1150379.3000000003,812675.7750000003,13,4
Above Median,Mycophenolate..HILIC.,NA,NA,NA,0.015126050420168066,0.2117647058823529,Median,patient_level,NA,NA,-22663345.230855674,31621931.100000005,8958585.869144332,13,4
Above Median,X11.Dehydrocorticosterone..HILIC.,NA,NA,NA,0.5710636275686423,0.8452488687782805,Median,patient_level,NA,NA,-14299.762500000019,40589.90000000002,26290.137500000004,13,4
Above Median,Prednisone..HILIC.,NA,NA,NA,0.7033613445378151,0.8452488687782805,Median,patient_level,NA,NA,7827.300000000003,36904.350000000006,44731.65000000001,13,4
Above Median,Cortisone..HILIC.,NA,NA,NA,0.4117647058823529,0.8452488687782805,Median,patient_level,NA,NA,3944.7250000000276,27047.849999999977,30992.575000000004,13,4
Above Median,Tetrahydrocorticosterone..C18.,NA,NA,NA,0.7848739495798319,0.8452488687782805,Median,patient_level,NA,NA,-31085.77593979775,1089287.099999999,1058201.3240602012,13,4
Above Median,Tetrahydrocortisone..C18.,NA,NA,NA,0.7848739495798319,0.8452488687782805,Median,patient_level,NA,NA,-13820.050000000032,68628.4,54808.34999999996,13,4
Above Median,Prednisone..C18.,NA,NA,NA,0.7848739495798319,0.8452488687782805,Median,patient_level,NA,NA,-18245.224999999926,70530.14999999994,52284.92500000001,13,4
Above Median,Cortisone.acetate..HILIC.,NA,NA,NA,0.35042016806722687,0.8452488687782805,Median,patient_level,NA,NA,-5840.0999999999985,55491.900000000016,49651.80000000002,13,4
Above Median,Dexamethasone.acetate.anhydrous..C18.,NA,NA,NA,0.059663865546218484,0.41764705882352937,Median,patient_level,NA,NA,-17099.625000000007,51125.15000000002,34025.525000000016,13,4
Above Median,Fludrocortisone.acetate..HILIC.,NA,NA,NA,0.8705882352941177,0.8705882352941177,Median,patient_level,NA,NA,-935.2750000000015,26959.550000000003,26024.275,13,4
Above Median,Fludrocortisone..C18.,NA,NA,NA,0.6235294117647058,0.8452488687782805,Median,patient_level,NA,NA,-1678.7500000000364,58599.00000000002,56920.249999999985,13,4
Above Median,Hydrocortisone.sodium.succinate..HILIC.,NA,NA,NA,0.6235294117647058,0.8452488687782805,Median,patient_level,NA,NA,6936.399999999983,25976.60000000001,32912.99999999999,13,4
Above Median,Mycophenolic.acid.O.acyl.glucuronide..C18.,NA,NA,NA,0.7033613445378151,0.8452488687782805,Median,patient_level,NA,NA,-65560.50124499504,1182505.5019444597,1116945.0006994647,13,4
